time,x,y
09:20:37,213.0584382779356,129.18626906584566
09:20:37,213.0584382779356,129.18626906584566
09:20:37,213.0584382779356,129.18626906584566
09:20:38,213.04707537304836,129.18626906584566
09:20:38,213.04707537304836,129.18626906584566
09:20:38,213.04707537304836,129.18626906584566
09:20:39,213.0584382779356,129.18626906584566
09:20:39,213.0584382779356,129.18626906584566
09:20:39,213.0584382779356,129.18626906584566
09:20:40,213.0584382779356,129.20482602443747
09:20:40,213.0584382779356,129.20482602443747
09:20:40,213.0584382779356,129.20482602443747
09:20:41,213.04707537304836,129.18626906584566
09:20:41,213.04707537304836,129.18626906584566
09:20:41,213.04707537304836,129.18626906584566
09:20:42,213.0470753730697,129.20482602443747
09:20:42,213.0470753730697,129.20482602443747
09:20:42,213.0470753730697,129.20482602443747
09:20:43,213.04707537304836,129.18626906584566
09:20:43,213.04707537304836,129.18626906584566
09:20:43,213.04707537304836,129.18626906584566
09:20:44,213.0470753730057,129.14916627952888
09:20:44,213.0470753730057,129.14916627952888
09:20:44,213.0470753730057,129.14916627952888
09:20:45,213.0584382779356,129.14916627952888
09:20:45,213.0584382779356,129.14916627952888
09:20:45,213.0584382779356,129.14916627952888
09:20:46,213.03571246810694,129.18626906584566
09:20:46,213.03571246810694,129.18626906584566
09:20:46,213.03571246810694,129.18626906584566
09:20:47,213.03571246810694,129.18626906584566
09:20:47,213.03571246810694,129.18626906584566
09:20:47,213.03571246810694,129.18626906584566
09:20:48,213.04707537304836,129.18626906584566
09:20:48,213.04707537304836,129.18626906584566
09:20:48,213.04707537304836,129.18626906584566
09:20:49,213.0357124681496,129.20482602443747
09:20:49,213.0357124681496,129.20482602443747
09:20:49,213.0357124681496,129.20482602443747
09:20:50,213.0129934747621,129.22337185145435
09:20:50,213.0129934747621,129.22337185145435
09:20:50,213.0129934747621,129.22337185145435
09:20:51,213.00163056991752,129.22337185145435
09:20:51,213.00163056991752,129.22337185145435
09:20:51,213.00163056991752,129.22337185145435
09:20:52,213.0016305695975,129.16771210654574
09:20:52,213.0016305695975,129.16771210654574
09:20:52,213.0016305695975,129.16771210654574
09:20:53,213.00163056949086,129.14916627952888
09:20:53,213.00163056949086,129.14916627952888
09:20:53,213.00163056949086,129.14916627952888
09:20:54,212.99027448094793,129.16771210654574
09:20:54,212.99027448094793,129.16771210654574
09:20:54,212.99027448094793,129.16771210654574
09:20:55,213.0016305698109,129.20482602443747
09:20:55,213.0016305698109,129.20482602443747
09:20:55,213.0016305698109,129.20482602443747
09:20:56,213.0129934747621,129.22337185145435
09:20:56,213.0129934747621,129.22337185145435
09:20:56,213.0129934747621,129.22337185145435
09:20:57,213.0243563795969,129.20482602443747
09:20:57,213.0243563795969,129.20482602443747
09:20:57,213.0243563795969,129.20482602443747
09:20:58,213.047075373027,129.16771210654574
09:20:58,213.047075373027,129.16771210654574
09:20:58,213.047075373027,129.16771210654574
09:20:59,213.0584382779356,129.16771210654574
09:20:59,213.0584382779356,129.16771210654574
09:20:59,213.0584382779356,129.16771210654574
09:21:00,213.0811572715364,129.14916627952888
09:21:00,213.0811572715364,129.14916627952888
09:21:00,213.0811572715364,129.14916627952888
09:21:01,213.10387626513722,129.14916627952888
09:21:01,213.10387626513722,129.14916627952888
09:21:01,213.10387626513722,129.14916627952888
09:21:02,213.09252017670275,129.11205236092903
09:21:02,213.09252017670275,129.11205236092903
09:21:02,213.09252017670275,129.11205236092903
09:21:03,213.13795816431949,129.07494957461222
09:21:03,213.13795816431949,129.07494957461222
09:21:03,213.13795816431949,129.07494957461222
09:21:04,213.03571246785086,129.07494957461222
09:21:04,213.03571246785086,129.07494957461222
09:21:04,213.03571246785086,129.07494957461222
09:21:05,212.91074777877444,129.14916627952888
09:21:05,212.91074777877444,129.14916627952888
09:21:05,212.91074777877444,129.14916627952888
09:21:06,213.08115727042716,129.63154702865504
09:21:06,213.08115727042716,129.63154702865504
09:21:06,213.08115727042716,129.63154702865504
09:21:07,213.24020383649895,130.39222650515666
09:21:07,213.24020383649895,130.39222650515666
09:21:07,213.24020383649895,130.39222650515666
09:21:08,213.4674209523913,131.76517431289278
09:21:08,213.4674209523913,131.76517431289278
09:21:08,213.4674209523913,131.76517431289278
09:21:09,213.8650405688016,133.67615148379682
09:21:09,213.8650405688016,133.67615148379682
09:21:09,213.8650405688016,133.67615148379682
09:21:10,214.00136788459054,135.93965521715168
09:21:10,214.00136788459054,135.93965521715168
09:21:10,214.00136788459054,135.93965521715168
09:21:11,213.11523911838802,138.147488074023
09:21:11,213.11523911838802,138.147488074023
09:21:11,213.11523911838802,138.147488074023
09:21:12,211.51339163812742,140.02136245861024
09:21:12,211.51339163812742,140.02136245861024
09:21:12,211.51339163812742,140.02136245861024
09:21:13,209.47984347223672,141.69115482073866
09:21:13,209.47984347223672,141.69115482073866
09:21:13,209.47984347223672,141.69115482073866
09:21:14,206.76465189126378,142.89712339233273
09:21:14,206.76465189126378,142.89712339233273
09:21:14,206.76465189126378,142.89712339233273
09:21:15,203.92450310066437,143.89899880989304
09:21:15,203.92450310066437,143.89899880989304
09:21:15,203.92450310066437,143.89899880989304
09:21:16,201.06162895469922,144.77099777621189
09:21:16,201.06162895469922,144.77099777621189
09:21:16,201.06162895469922,144.77099777621189
09:21:17,198.47140949951617,145.2719354853461
09:21:17,198.47140949951617,145.2719354853461
09:21:17,198.47140949951617,145.2719354853461
09:21:18,195.27907450343977,146.47789292465708
09:21:18,195.27907450343977,146.47789292465708
09:21:18,195.27907450343977,146.47789292465708
09:21:19,191.75729136047977,147.5539850464259
09:21:19,191.75729136047977,147.5539850464259
09:21:19,191.75729136047977,147.5539850464259
09:21:20,187.98556717257708,148.9083758955702
09:21:20,187.98556717257708,148.9083758955702
09:21:20,187.98556717257708,148.9083758955702
09:21:21,184.0207225433208,150.18855003908976
09:21:21,184.0207225433208,150.18855003908976
09:21:21,184.0207225433208,150.18855003908976
09:21:22,180.08995283238573,151.13476571103334
09:21:22,180.08995283238573,151.13476571103334
09:21:22,180.08995283238573,151.13476571103334
09:21:23,176.26142967825083,152.1737439142023
09:21:23,176.26142967825083,152.1737439142023
09:21:23,176.26142967825083,152.1737439142023
09:21:24,172.60332398313477,153.39825831352135
09:21:24,172.60332398313477,153.39825831352135
09:21:24,172.60332398313477,153.39825831352135
09:21:25,169.08154044705037,154.80830890757426
09:21:25,169.08154044705037,154.80830890757426
09:21:25,169.08154044705037,154.80830890757426
09:21:26,165.26438265864635,155.82873015144332
09:21:26,165.26438265864635,155.82873015144332
09:21:26,165.26438265864635,155.82873015144332
09:21:27,161.09504436525756,156.77494582267877
09:21:27,161.09504436525756,156.77494582267877
09:21:27,161.09504436525756,156.77494582267877
09:21:28,157.15292058014427,157.22022378619627
09:21:28,157.15292058014427,157.22022378619627
09:21:28,157.15292058014427,157.22022378619627
09:21:29,152.75637574511885,158.46329514410715
09:21:29,152.75637574511885,158.46329514410715
09:21:29,152.75637574511885,158.46329514410715
09:21:30,148.337111026922,159.3909538567508
09:21:30,148.337111026922,159.3909538567508
09:21:30,148.337111026922,159.3909538567508
09:21:31,144.15641350655045,160.4113862329029
09:21:31,144.15641350655045,160.4113862329029
09:21:31,144.15641350655045,160.4113862329029
09:21:32,140.02117120147102,161.82143682695582
09:21:32,140.02117120147102,161.82143682695582
09:21:32,140.02117120147102,161.82143682695582
09:21:33,135.64735108422158,163.2685902080336
09:21:33,135.64735108422158,163.2685902080336
09:21:33,135.64735108422158,163.2685902080336
09:21:34,131.14856662454832,164.54876435155313
09:21:34,131.14856662454832,164.54876435155313
09:21:34,131.14856662454832,164.54876435155313
09:21:35,126.22943692078451,165.5691855954222
09:21:35,126.22943692078451,165.5691855954222
09:21:35,126.22943692078451,165.5691855954222
09:21:36,121.59432662450932,166.73804024912454
09:21:36,121.59432662450932,166.73804024912454
09:21:36,121.59432662450932,166.73804024912454
09:21:37,116.76608716463156,167.6471531340432
09:21:37,116.76608716463156,167.6471531340432
09:21:37,116.76608716463156,167.6471531340432
09:21:38,111.91512382366103,168.64902855160352
09:21:38,111.91512382366103,168.64902855160352
09:21:38,111.91512382366103,168.64902855160352
09:21:39,107.25729339456511,169.40970802810514
09:21:39,107.25729339456511,169.40970802810514
09:21:39,107.25729339456511,169.40970802810514
09:21:40,102.58810248468758,170.31882091373194
09:21:40,102.58810248468758,170.31882091373194
09:21:40,102.58810248468758,170.31882091373194
09:21:41,98.24836689587777,171.2093768400588
09:21:41,98.24836689587777,171.2093768400588
09:21:41,98.24836689587777,171.2093768400588
09:21:42,93.68142515819079,172.3040147888445
09:21:42,93.68142515819079,172.3040147888445
09:21:42,93.68142515819079,172.3040147888445
09:21:43,89.33033752981524,173.38010691061334
09:21:43,89.33033752981524,173.38010691061334
09:21:43,89.33033752981524,173.38010691061334
09:21:44,84.79747109570675,173.8253848734227
09:21:44,84.79747109570675,173.8253848734227
09:21:44,84.79747109570675,173.8253848734227
09:21:45,80.27595969458014,173.65840563728068
09:21:45,80.27595969458014,173.65840563728068
09:21:45,80.27595969458014,173.65840563728068
09:21:46,75.5158657471876,173.2502304607881
09:21:46,75.5158657471876,173.2502304607881
09:21:47,70.9943477899742,172.6565302204285
09:21:47,70.9943477899742,172.6565302204285
09:21:47,70.9943477899742,172.6565302204285
09:21:48,66.68867308293608,171.87729378462694
09:21:48,66.68867308293608,171.87729378462694
09:21:48,66.68867308293608,171.87729378462694
09:21:49,62.3148407222578,171.07950039023356
09:21:49,62.3148407222578,171.07950039023356
09:21:49,62.3148407222578,171.07950039023356
09:21:50,58.14548556057852,169.91064573653125
09:21:50,58.14548556057852,169.91064573653125
09:21:50,58.14548556057852,169.91064573653125
09:21:51,54.9985674306069,167.81413237089336
09:21:51,54.9985674306069,167.81413237089336
09:21:51,54.9985674306069,167.81413237089336
09:21:52,52.62415731853966,164.77140333260377
09:21:52,52.62415731853966,164.77140333260377
09:21:52,52.62415731853966,164.77140333260377
09:21:53,50.60190806370434,161.02364343256244
09:21:53,50.60190806370434,161.02364343256244
09:21:53,50.60190806370434,161.02364343256244
09:21:54,48.3297279890937,157.2387807454962
09:21:54,48.3297279890937,157.2387807454962
09:21:54,48.3297279890937,157.2387807454962
09:21:55,45.887136472224995,153.41681527211318
09:21:55,45.887136472224995,153.41681527211318
09:21:55,45.887136472224995,153.41681527211318
09:21:56,43.41045696973481,149.74327207557226
09:21:56,43.41045696973481,149.74327207557226
09:21:56,43.41045696973481,149.74327207557226
09:21:57,41.0019435373741,145.9212954713224
09:21:57,41.0019435373741,145.9212954713224
09:21:57,41.0019435373741,145.9212954713224
09:21:58,38.57070409992349,142.19209252916477
09:21:58,38.57070409992349,142.19209252916477
09:21:58,38.57070409992349,142.19209252916477
09:21:59,36.037223711899685,138.44434375999026
09:21:59,36.037223711899685,138.44434375999026
09:21:59,36.037223711899685,138.44434375999026
09:22:00,33.51510018115292,134.84500613679103
09:22:00,33.51510018115292,134.84500613679103
09:22:00,33.51510018115292,134.84500613679103
09:22:01,31.24289696836172,130.85606142726598
09:22:01,31.24289696836172,130.85606142726598
09:22:01,31.24289696836172,130.85606142726598
09:22:02,28.87982007594303,127.08975569949968
09:22:02,28.87982007594303,127.08975569949968
09:22:02,28.87982007594303,127.08975569949968
09:22:03,26.48265404831659,123.39765554436694
09:22:03,26.48265404831659,123.39765554436694
09:22:03,26.48265404831659,123.39765554436694
09:22:04,24.28997781585781,119.7055553892342
09:22:04,24.28997781585781,119.7055553892342
09:22:04,24.28997781585781,119.7055553892342
09:22:05,22.02914359094757,116.05056915199322
09:22:05,22.02914359094757,116.05056915199322
09:22:05,22.02914359094757,116.05056915199322
09:22:06,19.779661623403285,112.2842634242269
09:22:06,19.779661623403285,112.2842634242269
09:22:06,19.779661623403285,112.2842634242269
09:22:07,17.677861931838095,108.51794656417752
09:22:07,17.677861931838095,108.51794656417752
09:22:07,17.677861931838095,108.51794656417752
09:22:08,15.67831785064027,104.97427981746185
09:22:08,15.67831785064027,104.97427981746185
09:22:08,15.67831785064027,104.97427981746185
09:22:09,13.599244660627704,101.39349915356254
09:22:09,13.599244660627704,101.39349915356254
09:22:09,13.599244660627704,101.39349915356254
09:22:10,11.338399641024637,97.94259493948849
09:22:10,11.338399641024637,97.94259493948849
09:22:10,11.338399641024637,97.94259493948849
09:22:11,9.35021753371825,94.56590742891484
09:22:11,9.35021753371825,94.56590742891484
09:22:11,9.35021753371825,94.56590742891484
09:22:12,7.259778457153573,91.05934346922407
09:22:12,7.259778457153573,91.05934346922407
09:22:12,7.259778457153573,91.05934346922407
09:22:13,5.01028673226179,87.36724331338323
09:22:13,5.01028673226179,87.36724331338323
09:22:13,5.01028673226179,87.36724331338323
09:22:14,2.8744024500577154,83.67515429053356
09:22:14,2.8744024500577154,83.67515429053356
09:22:14,2.8744024500577154,83.67515429053356
09:22:15,1.6928009159503858,79.66765262170857
09:22:15,1.6928009159503858,79.66765262170857
09:22:15,1.6928009159503858,79.66765262170857
09:22:16,1.6813538705494295,75.41895501253302
09:22:16,1.6813538705494295,75.41895501253302
09:22:16,1.6813538705494295,75.41895501253302
09:22:17,3.078636898395814,71.54132979424139
09:22:17,3.078636898395814,71.54132979424139
09:22:17,3.078636898395814,71.54132979424139
09:22:18,5.668807358826655,68.25740481489314
09:22:18,5.668807358826655,68.25740481489314
09:22:18,5.668807358826655,68.25740481489314
09:22:19,8.997437379373736,65.6599426085461
09:22:19,8.997437379373736,65.6599426085461
09:22:19,8.997437379373736,65.6599426085461
09:22:20,12.723715809929587,63.9159446737841
09:22:20,12.723715809929587,63.9159446737841
09:22:20,12.723715809929587,63.9159446737841
09:22:21,16.847625129851423,62.52445103973925
09:22:21,16.847625129851423,62.52445103973925
09:22:21,16.847625129851423,62.52445103973925
09:22:22,21.130588700404388,61.41125613094552
09:22:22,21.130588700404388,61.41125613094552
09:22:22,21.130588700404388,61.41125613094552
09:22:23,25.459002231553143,60.50214324602683
09:22:23,25.459002231553143,60.50214324602683
09:22:23,25.459002231553143,60.50214324602683
09:22:24,29.764697405676003,59.59303036040002
09:22:24,29.764697405676003,59.59303036040002
09:22:24,29.764697405676003,59.59303036040002
09:22:25,34.09310950340577,58.51694937091426
09:22:25,34.09310950340577,58.51694937091426
09:22:25,34.09310950340577,58.51694937091426
09:22:26,38.45560370600998,57.385197503528715
09:22:26,38.45560370600998,57.385197503528715
09:22:26,38.45560370600998,57.385197503528715
09:22:27,42.82945603949287,56.309105382468005
09:22:27,42.82945603949287,56.309105382468005
09:22:27,42.82945603949287,56.309105382468005
09:22:28,47.24876066311927,55.19591047438237
09:22:28,47.24876066311927,55.19591047438237
09:22:28,47.24876066311927,55.19591047438237
09:22:29,51.58852973404319,53.934293288746545
09:22:29,51.58852973404319,53.934293288746545
09:22:29,51.58852973404319,53.934293288746545
09:22:30,55.86014122423208,52.59845939961029
09:22:30,55.86014122423208,52.59845939961029
09:22:30,55.86014122423208,52.59845939961029
09:22:31,60.097670840488405,51.20696576485733
09:22:31,60.097670840488405,51.20696576485733
09:22:31,60.097670840488405,51.20696576485733
09:22:32,64.30111266181609,49.815472130104354
09:22:32,64.30111266181609,49.815472130104354
09:22:32,64.30111266181609,49.815472130104354
09:22:33,68.40231622413177,48.44253545394321
09:22:33,68.40231622413177,48.44253545394321
09:22:33,68.40231622413177,48.44253545394321
09:22:34,72.36719061410093,46.95826815568178
09:22:34,72.36719061410093,46.95826815568178
09:22:34,72.36719061410093,46.95826815568178
09:22:35,76.26389243585234,45.288475793553346
09:22:35,76.26389243585234,45.288475793553346
09:22:35,76.26389243585234,45.288475793553346
09:22:36,80.10379826093026,43.41460140967422
09:22:36,80.10379826093026,43.41460140967422
09:22:36,80.10379826093026,43.41460140967422
09:22:37,83.97777947255076,41.42940753456166
09:22:37,83.97777947255076,41.42940753456166
09:22:37,83.97777947255076,41.42940753456166
09:22:38,87.86312524907105,39.44420252716603
09:22:38,87.86312524907105,39.44420252716603
09:22:38,87.86312524907105,39.44420252716603
09:22:39,91.7711915637182,37.44045169275353
09:22:39,91.7711915637182,37.44045169275353
09:22:39,91.7711915637182,37.44045169275353
09:22:40,95.7019861502445,35.49236060395775
09:22:40,95.7019861502445,35.49236060395775
09:22:40,95.7019861502445,35.49236060395775
09:22:41,99.58733768288498,33.59992926007058
09:22:41,99.58733768288498,33.59992926007058
09:22:41,99.58733768288498,33.59992926007058
09:22:42,103.4726917329318,31.80027158039998
09:22:42,103.4726917329318,31.80027158039998
09:22:42,103.4726917329318,31.80027158039998
09:22:43,107.47165674081194,29.982045809854483
09:22:43,107.47165674081194,29.982045809854483
09:22:43,107.47165674081194,29.982045809854483
09:22:44,111.44789603362027,28.052511680358634
09:22:44,111.44789603362027,28.052511680358634
09:22:44,111.44789603362027,28.052511680358634
09:22:45,115.45821913342722,26.122977550154673
09:22:45,115.45821913342722,26.122977550154673
09:22:45,115.45821913342722,26.122977550154673
09:22:46,119.52535298993513,24.286205951884213
09:22:46,119.52535298993513,24.286205951884213
09:22:46,119.52535298993513,24.286205951884213
09:22:47,123.60384440182199,22.430877395021938
09:22:47,123.60384440182199,22.430877395021938
09:22:47,123.60384440182199,22.430877395021938
09:22:48,127.6482620492884,20.594105796751478
09:22:48,127.6482620492884,20.594105796751478
09:22:48,127.6482620492884,20.594105796751478
09:22:49,131.71539332608683,18.72023141216424
09:22:49,131.71539332608683,18.72023141216424
09:22:49,131.71539332608683,18.72023141216424
09:22:50,135.7598137102407,16.846345896002035
09:22:50,135.7598137102407,16.846345896002035
09:22:50,135.7598137102407,16.846345896002035
09:22:51,139.74742740129955,14.99102847071471
09:22:51,139.74742740129955,14.99102847071471
09:22:51,139.74742740129955,14.99102847071471
09:22:52,143.66687825293246,13.172802700169228
09:22:52,143.66687825293246,13.172802700169228
09:22:52,143.66687825293246,13.172802700169228
09:22:53,147.55224848842568,11.391690846807364
09:22:53,147.55224848842568,11.391690846807364
09:22:53,147.55224848842568,11.391690846807364
09:22:54,151.4262568508794,9.573476208544946
09:22:54,151.4262568508794,9.573476208544946
09:22:54,151.4262568508794,9.573476208544946
09:22:55,155.32299251147703,7.718147650974558
09:22:55,155.32299251147703,7.718147650974558
09:22:55,155.32299251147703,7.718147650974558
09:22:56,159.2538048399681,5.807170480070525
09:22:56,159.2538048399681,5.807170480070525
09:22:56,159.2538048399681,5.807170480070525
09:22:57,163.17326208173924,3.821965473383017
09:22:57,163.17326208173924,3.821965473383017
09:22:57,163.17326208173924,3.821965473383017
09:22:58,167.17224957332826,2.040853620021153
09:22:58,167.17224957332826,2.040853620021153
09:22:58,167.17224957332826,2.040853620021153
09:22:59,171.03491063342162,0.6122571989513972
09:22:59,171.03491063342162,0.6122571989513972
09:22:59,171.03491063342162,0.6122571989513972
09:23:00,174.89756914711836,0.0
09:23:00,174.89756914711836,0.0
09:23:00,174.89756914711836,0.0
09:23:01,178.53302657913966,0.8163392221183301
09:23:01,178.53302657913966,0.8163392221183301
09:23:01,178.53302657913966,0.8163392221183301
09:23:02,181.39595038017535,3.042729038289565
09:23:02,181.39595038017535,3.042729038289565
09:23:02,181.39595038017535,3.042729038289565
09:23:03,183.48633845828547,6.215334525696278
09:23:03,183.48633845828547,6.215334525696278
09:23:03,183.48633845828547,6.215334525696278
09:23:04,184.82692253151612,9.870331894512233
09:23:04,184.82692253151612,9.870331894512233
09:23:04,184.82692253151612,9.870331894512233
09:23:05,185.64490919461747,13.914936349653999
09:23:05,185.64490919461747,13.914936349653999
09:23:05,185.64490919461747,13.914936349653999
09:23:06,186.21295673485605,18.163633958121423
09:23:06,186.21295673485605,18.163633958121423
09:23:06,186.21295673485605,18.163633958121423
09:23:07,186.6560381933796,22.57929967186405
09:23:07,186.6560381933796,22.57929967186405
09:23:07,186.6560381933796,22.57929967186405
09:23:08,187.0423174345146,26.86510006735638
09:23:08,187.0423174345146,26.86510006735638
09:23:08,187.0423174345146,26.86510006735638
09:23:09,187.41723361174763,31.26221995408214
09:23:09,187.41723361174763,31.26221995408214
09:23:09,187.41723361174763,31.26221995408214
09:23:10,187.82623177109994,35.696453757991534
09:23:10,187.82623177109994,35.696453757991534
09:23:10,187.82623177109994,35.696453757991534
09:23:11,188.57605125193186,39.982254153483865
09:23:11,188.57605125193186,39.982254153483865
09:23:11,188.57605125193186,39.982254153483865
09:23:12,190.03023283894515,44.15673505845088
09:23:12,190.03023283894515,44.15673505845088
09:23:12,190.03023283894515,44.15673505845088
09:23:13,191.70026913889768,48.275556218509294
09:23:13,191.70026913889768,48.275556218509294
09:23:13,191.70026913889768,48.275556218509294
09:23:14,192.85907193769145,52.5613566132935
09:23:14,192.85907193769145,52.5613566132935
09:23:14,192.85907193769145,52.5613566132935
09:23:15,193.17718313187817,56.90281675440255
09:23:15,193.17718313187817,56.90281675440255
09:23:15,193.17718313187817,56.90281675440255
09:23:16,193.23399329961586,61.31848246814516
09:23:16,193.23399329961586,61.31848246814516
09:23:16,193.23399329961586,61.31848246814516
09:23:17,193.76795965817192,65.62283982293744
09:23:17,193.76795965817192,65.62283982293744
09:23:17,193.76795965817192,65.62283982293744
09:23:18,194.9494782471617,69.68600123667102
09:23:18,194.9494782471617,69.68600123667102
09:23:18,194.9494782471617,69.68600123667102
09:23:19,196.56270684679106,73.73060569110467
09:23:19,196.56270684679106,73.73060569110467
09:23:19,196.56270684679106,73.73060569110467
09:23:20,198.2554545082245,77.83088102343811
09:23:20,198.2554545082245,77.83088102343811
09:23:20,198.2554545082245,77.83088102343811
09:23:21,200.06180976178007,81.81982573296317
09:23:21,200.06180976178007,81.81982573296317
09:23:21,200.06180976178007,81.81982573296317
09:23:22,201.4705415865803,85.5119258880959
09:23:22,201.4705415865803,85.5119258880959
09:23:22,201.4705415865803,85.5119258880959
09:23:23,203.0610385057987,89.03703567551165
09:23:23,203.0610385057987,89.03703567551165
09:23:23,203.0610385057987,89.03703567551165
09:23:24,204.70834250691485,92.91467202608635
09:23:24,204.70834250691485,92.91467202608635
09:23:24,204.70834250691485,92.91467202608635
09:23:25,206.3102001104849,96.56965826261921
09:23:25,206.3102001104849,96.56965826261921
09:23:25,206.3102001104849,96.56965826261921
09:23:26,207.63940082709928,100.74413916829434
09:23:26,207.63940082709928,100.74413916829434
09:23:26,207.63940082709928,100.74413916829434
09:23:27,208.92315556762506,105.06704234939535
09:23:27,208.92315556762506,105.06704234939535
09:23:27,208.92315556762506,105.06704234939535
09:23:28,210.13874515803752,109.07454401822034
09:23:28,210.13874515803752,109.07454401822034
09:23:28,210.13874515803752,109.07454401822034
09:23:29,211.01352094289268,112.61822189651096
09:23:29,211.01352094289268,112.61822189651096
09:23:29,211.01352094289268,112.61822189651096
09:23:30,211.93373418083584,116.4587443284858
09:23:30,211.93373418083584,116.4587443284858
09:23:30,211.93373418083584,116.4587443284858
09:23:31,212.7403380123666,120.65177106046967
09:23:31,212.7403380123666,120.65177106046967
09:23:31,212.7403380123666,120.65177106046967
09:23:32,213.60374893550218,124.06557248893506
09:23:32,213.60374893550218,124.06557248893506
09:23:32,213.60374893550218,124.06557248893506
09:23:33,214.17177818642898,127.72055872617605
09:23:33,214.17177818642898,127.72055872617605
09:23:33,214.17177818642898,127.72055872617605
09:23:34,213.7627950760849,131.4868755855173
09:23:34,213.7627950760849,131.4868755855173
09:23:34,213.7627950760849,131.4868755855173
09:23:35,211.70651920110512,134.82646030977418
09:23:35,211.70651920110512,134.82646030977418
09:23:35,211.70651920110512,134.82646030977418
09:23:36,208.6164321973459,137.23837518910432
09:23:36,208.6164321973459,137.23837518910432
09:23:36,208.6164321973459,137.23837518910432
09:23:37,205.96941018049935,138.62986882385727
09:23:37,205.96941018049935,138.62986882385727
09:23:37,205.96941018049935,138.62986882385727
09:23:38,202.42489721009662,139.63174424141758
09:23:38,202.42489721009662,139.63174424141758
09:23:38,202.42489721009662,139.63174424141758
09:23:39,198.5736481736305,140.59651687195299
09:23:39,198.5736481736305,140.59651687195299
09:23:39,198.5736481736305,140.59651687195299
09:23:40,194.69967486647639,141.969453547406
09:23:40,194.69967486647639,141.969453547406
09:23:40,194.69967486647639,141.969453547406
09:23:41,190.81434627126842,143.21252490531688
09:23:41,190.81434627126842,143.21252490531688
09:23:41,190.81434627126842,143.21252490531688
09:23:42,186.99718136644577,144.08452387305192
09:23:42,186.99718136644577,144.08452387305192
09:23:42,186.99718136644577,144.08452387305192
09:23:43,182.88464365268743,145.0307395442874
09:23:43,182.88464365268743,145.0307395442874
09:23:43,182.88464365268743,145.0307395442874
09:23:44,178.6244177723178,146.34802760711491
09:23:44,178.6244177723178,146.34802760711491
09:23:44,178.6244177723178,146.34802760711491
09:23:45,174.4209937410636,147.6467475776513
09:23:45,174.4209937410636,147.6467475776513
09:23:45,174.4209937410636,147.6467475776513
09:23:46,170.4561492431655,148.66717995451154
09:23:46,170.4561492431655,148.66717995451154
09:23:46,170.4561492431655,148.66717995451154
09:23:47,166.27544490027813,149.68761233066365
09:23:47,166.27544490027813,149.68761233066365
09:23:47,166.27544490027813,149.68761233066365
09:23:48,162.0606681369858,151.04199204752487
09:23:48,162.0606681369858,151.04199204752487
09:23:48,162.0606681369858,151.04199204752487
09:23:49,157.78908360520555,152.1551869556105
09:23:49,157.78908360520555,152.1551869556105
09:23:49,157.78908360520555,152.1551869556105
09:23:50,153.52886201896203,153.1199595861459
09:23:50,153.52886201896203,153.1199595861459
09:23:50,153.52886201896203,153.1199595861459
09:23:51,149.041431934091,154.15893778931488
09:23:51,149.041431934091,154.15893778931488
09:23:51,149.041431934091,154.15893778931488
09:23:52,144.56536000941048,155.36490636090895
09:23:52,144.56536000941048,155.36490636090895
09:23:52,144.56536000941048,155.36490636090895
09:23:53,139.97568688492555,156.45954431040275
09:23:53,139.97568688492555,156.45954431040275
09:23:53,139.97568688492555,156.45954431040275
09:23:54,135.6132256727783,157.7026156676055
09:23:54,135.6132256727783,157.7026156676055
09:23:54,135.6132256727783,157.7026156676055
09:23:55,130.9781107296855,158.89001614832472
09:23:55,130.9781107296855,158.89001614832472
09:23:55,130.9781107296855,158.89001614832472
09:23:56,126.25211553576763,160.2073042104441
09:23:56,126.25211553576763,160.2073042104441
09:23:56,126.25211553576763,160.2073042104441
09:23:57,122.0487051402611,161.59879784519705
09:23:57,122.0487051402611,161.59879784519705
09:23:57,122.0487051402611,161.59879784519705
09:23:58,117.47039327706004,162.67487883539093
09:23:58,117.47039327706004,162.67487883539093
09:23:58,117.47039327706004,162.67487883539093
09:23:59,112.86936519058486,163.91795019259368
09:23:59,112.86936519058486,163.91795019259368
09:23:59,112.86936519058486,163.91795019259368
09:24:00,108.52963640938317,165.16102155121268
09:24:00,108.52963640938317,165.16102155121268
09:24:00,108.52963640938317,165.16102155121268
09:24:01,103.96268909777648,166.10723722315626
09:24:01,103.96268909777648,166.10723722315626
09:24:01,103.96268909777648,166.10723722315626
09:24:02,99.65703521966873,167.16477238491706
09:24:02,99.65703521966873,167.16477238491706
09:24:02,99.65703521966873,167.16477238491706
09:24:03,94.80607848435152,168.5933688059868
09:24:03,94.80607848435152,168.5933688059868
09:24:03,94.80607848435152,168.5933688059868
09:24:04,90.00055944811105,169.35404828248844
09:24:04,90.00055944811105,169.35404828248844
09:24:04,90.00055944811105,169.35404828248844
09:24:05,85.22911690791021,169.6509039691638
09:24:05,85.22911690791021,169.6509039691638
09:24:05,85.22911690791021,169.6509039691638
09:24:06,80.53719853950435,169.76222345968912
09:24:06,80.53719853950435,169.76222345968912
09:24:06,80.53719853950435,169.76222345968912
09:24:07,75.6067069377018,169.79932624600593
09:24:07,75.6067069377018,169.79932624600593
09:24:07,75.6067069377018,169.79932624600593
09:24:08,70.86933879174265,169.5395844779304
09:24:08,70.86933879174265,169.5395844779304
09:24:08,70.86933879174265,169.5395844779304
09:24:09,66.3250958941554,169.1314093014378
09:24:09,66.3250958941554,169.1314093014378
09:24:09,66.3250958941554,169.1314093014378
09:24:10,61.78085034833771,168.57481184739498
09:24:10,61.78085034833771,168.57481184739498
09:24:10,61.78085034833771,168.57481184739498
09:24:11,57.600138897708746,167.46161693930935
09:24:11,57.600138897708746,167.46161693930935
09:24:11,57.600138897708746,167.46161693930935
09:24:12,54.32825534265115,165.34654661437156
09:24:12,54.32825534265115,165.34654661437156
09:24:12,54.32825534265115,165.34654661437156
09:24:13,51.99928377801618,162.39658010801548
09:24:13,51.99928377801618,162.39658010801548
09:24:13,51.99928377801618,162.39658010801548
09:24:14,49.8179941249075,159.03844955744987
09:24:14,49.8179941249075,159.03844955744987
09:24:14,49.8179941249075,159.03844955744987
09:24:15,47.21636400047336,155.6060911703927
09:24:15,47.21636400047336,155.6060911703927
09:24:15,47.21636400047336,155.6060911703927
09:24:16,44.59200409702228,152.04386746437706
09:24:16,44.59200409702228,152.04386746437706
09:24:16,44.59200409702228,152.04386746437706
09:24:17,42.08123968916169,148.24045895029397
09:24:17,42.08123968916169,148.24045895029397
09:24:17,42.08123968916169,148.24045895029397
09:24:18,39.581842074575746,144.38137955901922
09:24:18,39.581842074575746,144.38137955901922
09:24:18,39.581842074575746,144.38137955901922
09:24:19,36.96882457581023,140.37387789019422
09:24:19,36.96882457581023,140.37387789019422
09:24:19,36.96882457581023,140.37387789019422
09:24:20,34.42397854010616,136.5333554582194
09:24:20,34.42397854010616,136.5333554582194
09:24:20,34.42397854010616,136.5333554582194
09:24:21,31.901850872218063,132.76704972974497
09:24:21,31.901850872218063,132.76704972974497
09:24:21,31.901850872218063,132.76704972974497
09:24:22,29.425160912869188,128.72243414373636
09:24:22,29.425160912869188,128.72243414373636
09:24:22,29.425160912869188,128.72243414373636
09:24:23,26.937112307114376,125.01178816087865
09:24:23,26.937112307114376,125.01178816087865
09:24:23,26.937112307114376,125.01178816087865
09:24:24,24.4490636034906,121.39390470995444
09:24:24,24.4490636034906,121.39390470995444
09:24:24,24.4490636034906,121.39390470995444
09:24:25,21.961010565516602,117.646144809205
09:24:25,21.961010565516602,117.646144809205
09:24:25,21.961010565516602,117.646144809205
09:24:26,19.552477465492814,113.99115857196401
09:24:26,19.552477465492814,113.99115857196401
09:24:26,19.552477465492814,113.99115857196401
09:24:27,17.280276886127155,110.3176153761312
09:24:27,17.280276886127155,110.3176153761312
09:24:27,17.280276886127155,110.3176153761312
09:24:28,15.098956871323196,106.6069693939816
09:24:28,15.098956871323196,106.6069693939816
09:24:28,15.098956871323196,106.6069693939816
09:24:29,12.872191421309878,102.95197202516566
09:24:29,12.872191421309878,102.95197202516566
09:24:29,12.872191421309878,102.95197202516566
09:24:30,11.09985252498052,99.25988300089976
09:24:30,11.09985252498052,99.25988300089976
09:24:30,11.09985252498052,99.25988300089976
09:24:31,9.123022132147781,95.66054537770053
09:24:31,9.123022132147781,95.66054537770053
09:24:31,9.123022132147781,95.66054537770053
09:24:32,6.839450511628257,91.98700218186772
09:24:32,6.839450511628257,91.98700218186772
09:24:32,6.839450511628257,91.98700218186772
09:24:33,4.58996001564185,88.35057290321855
09:24:33,4.58996001564185,88.35057290321855
09:24:33,4.58996001564185,88.35057290321855
09:24:34,2.4995200060606635,84.62136996247713
09:24:34,2.4995200060606635,84.62136996247713
09:24:34,2.4995200060606635,84.62136996247713
09:24:35,0.6817265270319695,80.81795031540287
09:24:35,0.6817265270319695,80.81795031540287
09:24:35,0.6817265270319695,80.81795031540287
09:24:36,0.0,76.8661083929027
09:24:36,0.0,76.8661083929027
09:24:36,0.0,76.8661083929027
09:24:37,0.6133960351962173,73.08124570512835
09:24:37,0.6133960351962173,73.08124570512835
09:24:37,0.6133960351962173,73.08124570512835
09:24:38,2.465121182113876,69.76021794087954
09:24:38,2.465121182113876,69.76021794087954
09:24:38,2.465121182113876,69.76021794087954
09:24:39,5.21435199205564,67.069993202599
09:24:39,5.21435199205564,67.069993202599
09:24:39,5.21435199205564,67.069993202599
09:24:40,8.542989974528354,64.84360338713587
09:24:40,8.542989974528354,64.84360338713587
09:24:40,8.542989974528354,64.84360338713587
09:24:41,12.439683408817984,63.303687474832685
09:24:41,12.439683408817984,63.303687474832685
09:24:41,12.439683408817984,63.303687474832685
09:24:42,16.563595896182107,62.06061611692182
09:24:42,16.563595896182107,62.06061611692182
09:24:42,16.563595896182107,62.06061611692182
09:24:43,20.64206683282552,60.947421209544316
09:24:43,20.64206683282552,60.947421209544316
09:24:43,20.64206683282552,60.947421209544316
09:24:44,24.697821304128496,59.92698883268409
09:24:44,24.697821304128496,59.92698883268409
09:24:44,24.697821304128496,59.92698883268409
09:24:45,28.73085780436773,58.9251134158319
09:24:45,28.73085780436773,58.9251134158319
09:24:45,28.73085780436773,58.9251134158319
09:24:46,32.741171857805455,58.07167140810489
09:24:46,32.741171857805455,58.07167140810489
09:24:46,32.741171857805455,58.07167140810489
09:24:47,36.717409617907435,57.1254557361613
09:24:47,36.717409617907435,57.1254557361613
09:24:47,36.717409617907435,57.1254557361613
09:24:48,40.693640999474866,56.16068310491778
09:24:48,40.693640999474866,56.16068310491778
09:24:48,40.693640999474866,56.16068310491778
09:24:49,44.64715272910186,55.1217049017488
09:24:49,44.64715272910186,55.1217049017488
09:24:49,44.64715272910186,55.1217049017488
09:24:50,48.5097777919033,53.841530757521156
09:24:50,48.5097777919033,53.841530757521156
09:24:50,48.5097777919033,53.841530757521156
09:24:51,52.34967786956409,52.5613566132935
09:24:51,52.34967786956409,52.5613566132935
09:24:51,52.34967786956409,52.5613566132935
09:24:52,56.212304931415446,51.281182469065854
09:24:52,56.212304931415446,51.281182469065854
09:24:52,56.212304931415446,51.281182469065854
09:24:53,60.165815077314136,49.90823466132974
09:24:53,60.165815077314136,49.90823466132974
09:24:53,60.165815077314136,49.90823466132974
09:24:54,64.17612572069251,48.40542153534335
09:24:54,64.17612572069251,48.40542153534335
09:24:54,64.17612572069251,48.40542153534335
09:24:55,68.16371894570494,46.9397223279568
09:24:55,68.16371894570494,46.9397223279568
09:24:55,68.16371894570494,46.9397223279568
09:24:56,72.16267582569401,45.43690920267852
09:24:56,72.16267582569401,45.43690920267852
09:24:56,72.16267582569401,45.43690920267852
09:24:57,76.20707230135264,43.93409607740024
09:24:57,76.20707230135264,43.93409607740024
09:24:57,76.20707230135264,43.93409607740024
09:24:58,80.22875081443289,42.43128295141385
09:24:58,80.22875081443289,42.43128295141385
09:24:58,80.22875081443289,42.43128295141385
09:24:59,84.3072304996372,40.817150334902124
09:24:59,84.3072304996372,40.817150334902124
09:24:59,84.3072304996372,40.817150334902124
09:25:00,88.37435438888117,39.128801013473776
09:25:00,88.37435438888117,39.128801013473776
09:25:00,88.37435438888117,39.128801013473776
09:25:01,92.35058423066482,37.0322876478359
09:25:01,92.35058423066482,37.0322876478359
09:25:01,92.35058423066482,37.0322876478359
09:25:02,96.36090611472227,35.04708264114838
09:25:02,96.36090611472227,35.04708264114838
09:25:02,96.36090611472227,35.04708264114838
09:25:03,100.35986252983326,33.30308470638637
09:25:03,100.35986252983326,33.30308470638637
09:25:03,100.35986252983326,33.30308470638637
09:25:04,104.3247439170785,31.466313108115912
09:25:04,104.3247439170785,31.466313108115912
09:25:04,104.3247439170785,31.466313108115912
09:25:05,108.23281849771845,29.629541509845453
09:25:05,108.23281849771845,29.629541509845453
09:25:05,108.23281849771845,29.629541509845453
09:25:06,112.16361943776984,27.681450421049675
09:25:06,112.16361943776984,27.681450421049675
09:25:06,112.16361943776984,27.681450421049675
09:25:07,116.13985948059081,25.640585668745445
09:25:07,116.13985948059081,25.640585668745445
09:25:07,116.13985948059081,25.640585668745445
09:25:08,120.10474530549133,23.636834834332944
09:25:08,120.10474530549133,23.636834834332944
09:25:08,120.10474530549133,23.636834834332944
09:25:09,124.02418794210668,21.68874374553718
09:25:09,124.02418794210668,21.68874374553718
09:25:09,124.02418794210668,21.68874374553718
09:25:10,127.97771487969374,19.79631240165
09:25:10,127.97771487969374,19.79631240165
09:25:10,127.97771487969374,19.79631240165
09:25:11,131.7949149655842,17.996654721979397
09:25:11,131.7949149655842,17.996654721979397
09:25:11,131.7949149655842,17.996654721979397
09:25:12,135.57803400831705,16.178428951433915
09:25:12,135.57803400831705,16.178428951433915
09:25:12,135.57803400831705,16.178428951433915
09:25:13,139.32707104136733,14.211792035621272
09:25:13,139.32707104136733,14.211792035621272
09:25:13,139.32707104136733,14.211792035621272
09:25:14,143.09883053724474,12.48633992787613
09:25:14,143.09883053724474,12.48633992787613
09:25:14,143.09883053724474,12.48633992787613
09:25:15,146.9160369469496,10.797990607155882
09:25:15,146.9160369469496,10.797990607155882
09:25:15,146.9160369469496,10.797990607155882
09:25:16,150.7446081724662,9.183857989936058
09:25:16,150.7446081724662,9.183857989936058
09:25:16,150.7446081724662,9.183857989936058
09:25:17,155.00488730158204,7.495508669215809
09:25:17,155.00488730158204,7.495508669215809
09:25:17,155.00488730158204,7.495508669215809
09:25:18,159.53782587614296,5.695850989545207
09:25:18,159.53782587614296,5.695850989545207
09:25:18,159.53782587614296,5.695850989545207
09:25:19,164.479756715157,4.434222672334414
09:25:19,164.479756715157,4.434222672334414
09:25:19,164.479756715157,4.434222672334414
09:25:20,169.54666008340206,4.304357354792245
09:25:20,169.54666008340206,4.304357354792245
09:25:20,169.54666008340206,4.304357354792245
09:25:21,174.4318002012148,5.324778598661297
09:25:21,174.4318002012148,5.324778598661297
09:25:21,174.4318002012148,5.324778598661297
09:25:22,178.87387348683535,7.606828159741127
09:25:22,178.87387348683535,7.606828159741127
09:25:22,178.87387348683535,7.606828159741127
09:25:23,182.39571893206582,10.983526801889738
09:25:23,182.39571893206582,10.983526801889738
09:25:23,182.39571893206582,10.983526801889738
09:25:24,184.70197156297246,15.176553533873602
09:25:24,184.70197156297246,15.176553533873602
09:25:24,184.70197156297246,15.176553533873602
09:25:25,185.8607819435782,19.70354987042461
09:25:25,185.8607819435782,19.70354987042461
09:25:25,185.8607819435782,19.70354987042461
09:25:26,186.44019373363113,24.564504679259684
09:25:26,186.44019373363113,24.564504679259684
09:25:26,186.44019373363113,24.564504679259684
09:25:27,186.5538101092534,29.55532480563693
09:25:27,186.5538101092534,29.55532480563693
09:25:27,186.5538101092534,29.55532480563693
09:25:28,186.67879615075637,34.52759910499731
09:25:28,186.67879615075637,34.52759910499731
09:25:28,186.67879615075637,34.52759910499731
09:25:29,187.3831723489456,39.332883035932596
09:25:29,187.3831723489456,39.332883035932596
09:25:29,187.3831723489456,39.332883035932596
09:25:30,188.83735571821603,43.98975582230884
09:25:30,188.83735571821603,43.98975582230884
09:25:30,188.83735571821603,43.98975582230884
09:25:31,190.53011942843176,48.498195199559916
09:25:31,190.53011942843176,48.498195199559916
09:25:31,190.53011942843176,48.498195199559916
09:25:32,191.7684436488614,52.98807761751107
09:25:32,191.7684436488614,52.98807761751107
09:25:32,191.7684436488614,52.98807761751107
09:25:33,192.14335720279033,57.607836485287464
09:25:33,192.14335720279033,57.607836485287464
09:25:33,192.14335720279033,57.607836485287464
09:25:34,192.25697670431782,62.39457458920589
09:25:34,192.25697670431782,62.39457458920589
09:25:34,192.25697670431782,62.39457458920589
09:25:35,192.94999185422233,67.10709598891577
09:25:35,192.94999185422233,67.10709598891577
09:25:35,192.94999185422233,67.10709598891577
09:25:36,194.27920295547304,71.6897520710835
09:25:36,194.27920295547304,71.6897520710835
09:25:36,194.27920295547304,71.6897520710835
09:25:37,195.76745925606207,75.69725373920036
09:25:37,195.76745925606207,75.69725373920036
09:25:37,195.76745925606207,75.69725373920036
09:25:38,197.5851790114511,79.77897211223389
09:25:38,197.5851790114511,79.77897211223389
09:25:38,197.5851790114511,79.77897211223389
09:25:39,199.57330100093034,84.06477250843433
09:25:39,199.57330100093034,84.06477250843433
09:25:39,199.57330100093034,84.06477250843433
09:25:40,201.2660528351391,88.48043822146883
09:25:40,201.2660528351391,88.48043822146883
09:25:40,201.2660528351391,88.48043822146883
09:25:41,202.90199480074702,92.46939406327695
09:25:41,202.90199480074702,92.46939406327695
09:25:41,202.90199480074702,92.46939406327695
09:25:42,204.2311972769717,96.38412206788537
09:25:42,204.2311972769717,96.38412206788537
09:25:42,204.2311972769717,96.38412206788537
09:25:43,205.6399188177974,100.29886120477686
09:25:43,205.6399188177974,100.29886120477686
09:25:43,205.6399188177974,100.29886120477686
09:25:44,207.0486462392058,104.51044489606065
09:25:44,207.0486462392058,104.51044489606065
09:25:44,207.0486462392058,104.51044489606065
09:25:45,208.41192759690762,108.79624529084487
09:25:45,208.41192759690762,108.79624529084487
09:25:45,208.41192759690762,108.79624529084487
09:25:46,209.547997004372,113.04494290072853
09:25:46,209.547997004372,113.04494290072853
09:25:46,209.547997004372,113.04494290072853
09:25:47,210.60453859106238,117.10810431446211
09:25:47,210.60453859106238,117.10810431446211
09:25:47,210.60453859106238,117.10810431446211
09:25:48,211.71788024163683,121.13416294187891
09:25:48,211.71788024163683,121.13416294187891
09:25:48,211.71788024163683,121.13416294187891
09:25:49,212.7062562538319,125.40140637807131
09:25:49,212.7062562538319,125.40140637807131
09:25:49,212.7062562538319,125.40140637807131
09:25:50,213.26292966050443,129.57588728374645
09:25:50,213.26292966050443,129.57588728374645
09:25:50,213.26292966050443,129.57588728374645
09:25:51,212.52448424431665,133.86168767853067
09:25:51,212.52448424431665,133.86168767853067
09:25:51,212.52448424431665,133.86168767853067
09:25:52,210.38868955657423,137.5537878336634
09:25:52,210.38868955657423,137.5537878336634
09:25:52,210.38868955657423,137.5537878336634
09:25:53,207.40084949188426,140.28111535826073
09:25:53,207.40084949188426,140.28111535826073
09:25:53,207.40084949188426,140.28111535826073
09:25:54,203.57231970508388,141.78392848424713
09:25:54,203.57231970508388,141.78392848424713
09:25:54,203.57231970508388,141.78392848424713
09:25:55,199.51658036193157,142.8043497288243
09:25:55,199.51658036193157,142.8043497288243
09:25:55,199.51658036193157,142.8043497288243
09:25:56,195.5176434879604,144.2886170270857
09:25:56,195.5176434879604,144.2886170270857
09:25:56,195.5176434879604,144.2886170270857
09:25:57,191.5641524214161,145.71721344815546
09:25:57,191.5641524214161,145.71721344815546
09:25:57,191.5641524214161,145.71721344815546
09:25:58,187.36073318898053,146.99738759238312
09:25:58,187.36073318898053,146.99738759238312
09:25:58,187.36073318898053,146.99738759238312
09:25:59,183.1118630076906,148.11058250046872
09:25:59,183.1118630076906,148.11058250046872
09:25:59,183.1118630076906,148.11058250046872
09:26:00,178.8630011782866,149.39075664469638
09:26:00,178.8630011782866,149.39075664469638
09:26:00,178.8630011782866,149.39075664469638
09:26:01,174.62549629728716,150.6152710433073
09:26:01,174.62549629728716,150.6152710433073
09:26:01,174.62549629728716,150.6152710433073
09:26:02,170.56976261192872,151.4130644384088
09:26:02,170.56976261192872,151.4130644384088
09:26:02,170.56976261192872,151.4130644384088
09:26:03,166.33226626707432,152.60046491841987
09:26:03,166.33226626707432,152.60046491841987
09:26:03,166.33226626707432,152.60046491841987
09:26:04,161.69714514181854,153.7693195721222
09:26:04,161.69714514181854,153.7693195721222
09:26:04,161.69714514181854,153.7693195721222
09:26:05,157.1301894678285,155.06805067494167
09:26:05,157.1301894678285,155.06805067494167
09:26:05,157.1301894678285,155.06805067494167
09:26:06,152.54050799695008,156.16268862372738
09:26:06,152.54050799695008,156.16268862372738
09:26:06,152.54050799695008,156.16268862372738
09:26:07,147.98491518348868,157.10890429496285
09:26:07,147.98491518348868,157.10890429496285
09:26:07,147.98491518348868,157.10890429496285
09:26:08,143.33843167578095,157.7397184546304
09:26:08,143.33843167578095,157.7397184546304
09:26:08,143.33843167578095,157.7397184546304
09:26:09,138.7373971988211,158.87147032130784
09:26:09,138.7373971988211,158.87147032130784
09:26:09,138.7373971988211,158.87147032130784
09:26:10,134.4317448854772,160.13308750552744
09:26:10,134.4317448854772,160.13308750552744
09:26:10,134.4317448854772,160.13308750552744
09:26:11,130.14880733194286,161.58024088660525
09:26:11,130.14880733194286,161.58024088660525
09:26:11,130.14880733194286,161.58024088660525
09:26:12,125.50233881493504,162.7676524988994
09:26:12,125.50233881493504,162.7676524988994
09:26:12,125.50233881493504,162.7676524988994
09:26:13,120.71953384292038,163.56543476171782
09:26:13,120.71953384292038,163.56543476171782
09:26:13,120.71953384292038,163.56543476171782
09:26:14,115.99353897228941,164.54876435155313
09:26:14,115.99353897228941,164.54876435155313
09:26:14,115.99353897228941,164.54876435155313
09:26:15,111.23345721790812,165.60629951402206
09:26:15,111.23345721790812,165.60629951402206
09:26:15,111.23345721790812,165.60629951402206
09:26:16,106.57563100591588,166.8864736582497
09:26:16,106.57563100591588,166.8864736582497
09:26:16,106.57563100591588,166.8864736582497
09:26:17,102.05413284830334,168.1480908431774
09:26:17,102.05413284830334,168.1480908431774
09:26:17,102.05413284830334,168.1480908431774
09:26:18,97.58943889152509,169.61380118284703
09:26:18,97.58943889152509,169.61380118284703
09:26:18,97.58943889152509,169.61380118284703
09:26:19,93.29515637830978,171.19081988075888
09:26:19,93.29515637830978,171.19081988075888
09:26:19,93.29515637830978,171.19081988075888
09:26:20,88.89862649444954,172.48955098428647
09:26:20,88.89862649444954,172.48955098428647
09:26:20,88.89862649444954,172.48955098428647
09:26:21,84.60434034662754,173.58418893307214
09:26:21,84.60434034662754,173.58418893307214
09:26:21,84.60434034662754,173.58418893307214
09:26:22,80.00331597888157,174.41908511449043
09:26:22,80.00331597888157,174.41908511449043
09:26:22,80.00331597888157,174.41908511449043
09:26:23,75.0841923265562,175.14266180396714
09:26:23,75.0841923265562,175.14266180396714
09:26:23,75.0841923265562,175.14266180396714
09:26:24,70.50587579303644,175.10555901765036
09:26:24,70.50587579303644,175.10555901765036
09:26:24,70.50587579303644,175.10555901765036
09:26:25,66.07524048126547,174.49330181799084
09:26:25,66.07524048126547,174.49330181799084
09:26:25,66.07524048126547,174.49330181799084
09:26:26,61.928611778185626,173.2502304607881
09:26:26,61.928611778185626,173.2502304607881
09:26:26,61.928611778185626,173.2502304607881
09:26:27,58.05462643173476,171.3949130355008
09:26:27,58.05462643173476,171.3949130355008
09:26:27,58.05462643173476,171.3949130355008
09:26:28,54.816811475512424,168.37072982493618
09:26:28,54.816811475512424,168.37072982493618
09:26:28,54.816811475512424,168.37072982493618
09:26:29,52.215170875495744,164.4559906880447
09:26:29,52.215170875495744,164.4559906880447
09:26:29,52.215170875495744,164.4559906880447
09:26:30,49.681690260348915,160.4484890192197
09:26:30,49.681690260348915,160.4484890192197
09:26:30,49.681690260348915,160.4484890192197
09:26:31,46.64834120998054,156.31112203285255
09:26:31,46.64834120998054,156.31112203285255
09:26:31,46.64834120998054,156.31112203285255
09:26:32,43.785400939824314,152.30362036473568
09:26:32,43.785400939824314,152.30362036473568
09:26:32,43.785400939824314,152.30362036473568
09:26:33,41.22918838596911,147.92504630502677
09:26:33,41.22918838596911,147.92504630502677
09:26:33,41.22918838596911,147.92504630502677
09:26:34,38.65025591640526,143.62070008251757
09:26:34,38.65025591640526,143.62070008251757
09:26:34,38.65025591640526,143.62070008251757
09:26:35,35.94635148539723,139.40910525965882
09:26:35,35.94635148539723,139.40910525965882
09:26:35,35.94635148539723,139.40910525965882
09:26:36,33.23109339550899,135.45726333574245
09:26:36,33.23109339550899,135.45726333574245
09:26:36,33.23109339550899,135.45726333574245
09:26:37,30.572634354865386,131.52397837254222
09:26:37,30.572634354865386,131.52397837254222
09:26:37,30.572634354865386,131.52397837254222
09:26:38,27.925534713608897,127.51647670371723
09:26:38,27.925534713608897,127.51647670371723
09:26:38,27.925534713608897,127.51647670371723
09:26:39,25.539728526827787,123.67595427103429
09:26:39,25.539728526827787,123.67595427103429
09:26:39,25.539728526827787,123.67595427103429
09:26:40,23.188002772668398,119.85398879835938
09:26:40,23.188002772668398,119.85398879835938
09:26:40,23.188002772668398,119.85398879835938
09:26:41,20.779466331684773,115.97635244707656
09:26:41,20.779466331684773,115.97635244707656
09:26:41,20.779466331684773,115.97635244707656
09:26:42,18.030127695298233,112.72954138703628
09:26:42,18.030127695298233,112.72954138703628
09:26:42,18.030127695298233,112.72954138703628
09:26:43,15.405749220458631,109.33429691787083
09:26:43,15.405749220458631,109.33429691787083
09:26:43,15.405749220458631,109.33429691787083
09:26:44,13.26987357124247,105.64219676273808
09:26:44,13.26987357124247,105.64219676273808
09:26:44,13.26987357124247,105.64219676273808
09:26:45,11.24759766497101,101.91299382058045
09:26:45,11.24759766497101,101.91299382058045
09:26:45,11.24759766497101,101.91299382058045
09:26:46,9.213967553106016,98.35077011598108
09:26:46,9.213967553106016,98.35077011598108
09:26:46,9.213967553106016,98.35077011598108
09:26:47,7.146246368095717,94.7514436243568
09:26:47,7.146246368095717,94.7514436243568
09:26:47,7.146246368095717,94.7514436243568
09:26:48,4.942200029214803,91.04078650992415
09:26:48,4.942200029214803,91.04078650992415
09:26:48,4.942200029214803,91.04078650992415
09:26:49,2.7154300790431307,87.51567672250839
09:26:49,2.7154300790431307,87.51567672250839
09:26:49,2.7154300790431307,87.51567672250839
09:26:50,1.1589331400119818,83.50817505439153
09:26:50,1.1589331400119818,83.50817505439153
09:26:50,1.1589331400119818,83.50817505439153
09:26:51,1.0452392113055566,79.55633313047514
09:26:51,1.0452392113055566,79.55633313047514
09:26:51,1.0452392113055566,79.55633313047514
09:26:52,2.203940883490816,75.40039805394122
09:26:52,2.203940883490816,75.40039805394122
09:26:52,2.203940883490816,75.40039805394122
09:26:53,4.64642041831047,71.87528826652547
09:26:53,4.64642041831047,71.87528826652547
09:26:53,4.64642041831047,71.87528826652547
09:26:54,7.861434267434873,69.01808429139477
09:26:54,7.861434267434873,69.01808429139477
09:26:54,7.861434267434873,69.01808429139477
09:26:55,11.633143836356282,66.6618180261064
09:26:55,11.633143836356282,66.6618180261064
09:26:55,11.633143836356282,66.6618180261064
09:26:56,15.79112434396123,64.78794364151916
09:26:56,15.79112434396123,64.78794364151916
09:26:56,15.79112434396123,64.78794364151916
09:26:57,20.10816495302987,63.470666710974726
09:26:57,20.10816495302987,63.470666710974726
09:26:57,20.10816495302987,63.470666710974726
09:26:58,24.41384983901409,62.116275862538544
09:26:58,24.41384983901409,62.116275862538544
09:26:58,24.41384983901409,62.116275862538544
09:26:59,28.810420709415098,60.836101718310886
09:26:59,28.810420709415098,60.836101718310886
09:26:59,28.810420709415098,60.836101718310886
09:27:00,33.21835023862917,59.63014427899988
09:27:00,33.21835023862917,59.63014427899988
09:27:00,33.21835023862917,59.63014427899988
09:27:01,37.6830892884571,58.44273266670574
09:27:01,37.6830892884571,58.44273266670574
09:27:01,37.6830892884571,58.44273266670574
09:27:02,42.19327647076972,57.3666405449369
09:27:02,42.19327647076972,57.3666405449369
09:27:02,42.19327647076972,57.3666405449369
09:27:03,46.61257185780548,56.14212614561785
09:27:03,46.61257185780548,56.14212614561785
09:27:03,46.61257185780548,56.14212614561785
09:27:04,50.97506397778915,54.732086683848024
09:27:04,50.97506397778915,54.732086683848024
09:27:04,50.97506397778915,54.732086683848024
09:27:05,55.3034763676408,53.39625279471177
09:27:05,55.3034763676408,53.39625279471177
09:27:05,55.3034763676408,53.39625279471177
09:27:06,59.60916931629362,51.96764524135895
09:27:06,59.60916931629362,51.96764524135895
09:27:06,59.60916931629362,51.96764524135895
09:27:07,63.869416944465115,50.446286288355694
09:27:07,63.869416944465115,50.446286288355694
09:27:07,63.869416944465115,50.446286288355694
09:27:08,68.1523858788347,48.98057594939419
09:27:08,68.1523858788347,48.98057594939419
09:27:08,68.1523858788347,48.98057594939419
09:27:09,72.34447016419497,47.347886373582554
09:27:09,72.34447016419497,47.347886373582554
09:27:09,72.34447016419497,47.347886373582554
09:27:10,76.51383639336251,45.696650970754064
09:27:10,76.51383639336251,45.696650970754064
09:27:10,76.51383639336251,45.696650970754064
09:27:11,80.67183952164652,43.93409607740024
09:27:11,80.67183952164652,43.93409607740024
09:27:11,80.67183952164652,43.93409607740024
09:27:12,84.79576048966732,42.060210560529924
09:27:12,84.79576048966732,42.060210560529924
09:27:12,84.79576048966732,42.060210560529924
09:27:13,88.88559941761444,40.07501668541737
09:27:13,88.88559941761444,40.07501668541737
09:27:13,88.88559941761444,40.07501668541737
09:27:14,93.00952220179207,38.089822810304796
09:27:14,93.00952220179207,38.089822810304796
09:27:14,93.00952220179207,38.089822810304796
09:27:15,97.07664652279041,36.21593729414259
09:27:15,97.07664652279041,36.21593729414259
09:27:15,97.07664652279041,36.21593729414259
09:27:16,101.00743561585315,34.24930037832996
09:27:16,101.00743561585315,34.24930037832996
09:27:16,101.00743561585315,34.24930037832996
09:27:17,104.93823390230429,32.35686903444278
09:27:17,104.93823390230429,32.35686903444278
09:27:17,104.93823390230429,32.35686903444278
09:27:18,108.99399943660471,30.445880731963797
09:27:18,108.99399943660471,30.445880731963797
09:27:18,108.99399943660471,30.445880731963797
09:27:19,113.12929330135864,28.460686856851225
09:27:19,113.12929330135864,28.460686856851225
09:27:19,113.12929330135864,28.460686856851225
09:27:20,117.23049885884808,26.382719317522103
09:27:20,117.23049885884808,26.382719317522103
09:27:20,117.23049885884808,26.382719317522103
09:27:21,121.30899320641548,24.249092033284356
09:27:21,121.30899320641548,24.249092033284356
09:27:21,121.30899320641548,24.249092033284356
09:27:22,125.37611996508308,22.17113562694641
09:27:22,125.37611996508308,22.17113562694641
09:27:22,125.37611996508308,22.17113562694641
09:27:23,129.62503028185427,20.167384792533923
09:27:23,129.62503028185427,20.167384792533923
09:27:23,129.62503028185427,20.167384792533923
09:27:24,133.76032562877197,18.163633958121423
09:27:24,133.76032562877197,18.163633958121423
09:27:24,133.76032562877197,18.163633958121423
09:27:25,137.82746489283852,16.15988312441705
09:27:25,137.82746489283852,16.15988312441705
09:27:25,137.82746489283852,16.15988312441705
09:27:26,141.82644108240066,14.137575330704635
09:27:26,141.82644108240066,14.137575330704635
09:27:26,141.82644108240066,14.137575330704635
09:27:27,145.77997331444942,12.07816475138354
09:27:27,145.77997331444942,12.07816475138354
09:27:27,145.77997331444942,12.07816475138354
09:27:28,149.7789464427024,10.13007366187965
09:27:28,149.7789464427024,10.13007366187965
09:27:28,149.7789464427024,10.13007366187965
09:27:29,153.84609237386746,8.144879786767078
09:27:29,153.84609237386746,8.144879786767078
09:27:29,153.84609237386746,8.144879786767078
09:27:30,157.89051426089807,6.233891484288094
09:27:30,157.89051426089807,6.233891484288094
09:27:30,157.89051426089807,6.233891484288094
09:27:31,161.9463014329238,4.452779631634343
09:27:31,161.9463014329238,4.452779631634343
09:27:31,161.9463014329238,4.452779631634343
09:27:32,166.04753695335077,2.987069291964744
09:27:32,166.04753695335077,2.987069291964744
09:27:32,166.04753695335077,2.987069291964744
09:27:33,170.13741410461895,2.31915234739661
09:27:33,170.13741410461895,2.31915234739661
09:27:33,170.13741410461895,2.31915234739661
09:27:34,174.03416581347946,2.912863720039283
09:27:34,174.03416581347946,2.912863720039283
09:27:34,174.03416581347946,2.912863720039283
09:27:35,177.41968047785028,4.953717340060436
09:27:35,177.41968047785028,4.953717340060436
09:27:35,177.41968047785028,4.953717340060436
09:27:36,180.1008381048865,7.959343592033235
09:27:36,180.1008381048865,7.959343592033235
09:27:36,180.1008381048865,7.959343592033235
09:27:37,182.02081507940642,11.465907551724015
09:27:37,182.02081507940642,11.465907551724015
09:27:37,182.02081507940642,11.465907551724015
09:27:38,183.4409272140656,15.324986942998777
09:27:38,183.4409272140656,15.324986942998777
09:27:38,183.4409272140656,15.324986942998777
09:27:39,184.48612722455618,19.48091088866586
09:27:39,184.48612722455618,19.48091088866586
09:27:39,184.48612722455618,19.48091088866586
09:27:40,185.4290795161866,23.618289007316093
09:27:40,185.4290795161866,23.618289007316093
09:27:40,185.4290795161866,23.618289007316093
09:27:41,186.13346250065712,27.90408940210031
09:27:41,186.13346250065712,27.90408940210031
09:27:41,186.13346250065712,27.90408940210031
09:27:42,186.87192019234567,32.15277588040901
09:27:42,186.87192019234567,32.15277588040901
09:27:42,186.87192019234567,32.15277588040901
09:27:43,187.57629498261372,36.38291653028463
09:27:43,187.57629498261372,36.38291653028463
09:27:43,187.57629498261372,36.38291653028463
09:27:44,188.38292306139374,40.798593375602195
09:27:44,188.38292306139374,40.798593375602195
09:27:44,188.38292306139374,40.798593375602195
09:27:45,189.74622148260002,45.15861047601118
09:27:45,189.74622148260002,45.15861047601118
09:27:45,189.74622148260002,45.15861047601118
09:27:46,191.42761427755545,49.444410870795394
09:27:46,191.42761427755545,49.444410870795394
09:27:46,191.42761427755545,49.444410870795394
09:27:47,192.55233497584112,53.76731405331263
09:27:47,192.55233497584112,53.76731405331263
09:27:47,192.55233497584112,53.76731405331263
09:27:48,192.8818093664001,58.164433939330266
09:27:48,192.8818093664001,58.164433939330266
09:27:48,192.8818093664001,58.164433939330266
09:27:49,193.22263974054712,62.61721357096464
09:27:49,193.22263974054712,62.61721357096464
09:27:49,193.22263974054712,62.61721357096464
09:27:50,194.13150256949288,66.9772306713736
09:27:50,194.13150256949288,66.9772306713736
09:27:50,194.13150256949288,66.9772306713736
09:27:51,195.40391148596302,71.31869081177453
09:27:51,195.40391148596302,71.31869081177453
09:27:51,195.40391148596302,71.31869081177453
09:27:52,196.58542930869694,75.73435652622527
09:27:52,196.58542930869694,75.73435652622527
09:27:52,196.58542930869694,75.73435652622527
09:27:53,198.1418481466016,79.70475540802536
09:27:53,198.1418481466016,79.70475540802536
09:27:53,198.1418481466016,79.70475540802536
09:27:54,199.70962861569723,83.61949454420872
09:27:54,199.70962861569723,83.61949454420872
09:27:54,199.70962861569723,83.61949454420872
09:27:55,201.1751619167238,87.70120178637539
09:27:55,201.1751619167238,87.70120178637539
09:27:55,201.1751619167238,87.70120178637539
09:27:56,202.64069338086972,91.1892199183412
09:27:56,202.64069338086972,91.1892199183412
09:27:56,202.64069338086972,91.1892199183412
09:27:57,203.95853957795646,94.64012413383148
09:27:57,203.95853957795646,94.64012413383148
09:27:57,203.95853957795646,94.64012413383148
09:27:58,205.49223332546163,98.49919239282318
09:27:58,205.49223332546163,98.49919239282318
09:27:58,205.49223332546163,98.49919239282318
09:27:59,207.20769201504478,102.46959127462327
09:27:59,207.20769201504478,102.46959127462327
09:27:59,207.20769201504478,102.46959127462327
09:28:00,208.820910171776,106.347216493623
09:28:00,208.820910171776,106.347216493623
09:28:00,208.820910171776,106.347216493623
09:28:01,210.38868193098818,109.33429691787083
09:28:01,210.38868193098818,109.33429691787083
09:28:01,210.38868193098818,109.33429691787083
09:28:02,211.4452234566624,112.71098442844446
09:28:02,211.4452234566624,112.71098442844446
09:28:02,211.4452234566624,112.71098442844446
09:28:03,212.3086355198005,116.10622889760992
09:28:03,212.3086355198005,116.10622889760992
09:28:03,212.3086355198005,116.10622889760992
09:28:04,213.12660214294817,119.31593717133342
09:28:04,213.12660214294817,119.31593717133342
09:28:04,213.12660214294817,119.31593717133342
09:28:05,213.5583042071131,122.11748140013928
09:28:05,213.5583042071131,122.11748140013928
09:28:05,213.5583042071131,122.11748140013928
09:28:06,213.8650413473683,124.13978919385171
09:28:06,213.8650413473683,124.13978919385171
09:28:06,213.8650413473683,124.13978919385171
09:28:07,214.0013688939082,125.36430359246265
09:28:07,214.0013688939082,125.36430359246265
09:28:07,214.0013688939082,125.36430359246265
09:28:08,214.14905941483153,125.67970510544677
09:28:08,214.14905941483153,125.67970510544677
09:28:08,214.14905941483153,125.67970510544677
09:28:09,214.3421879473723,125.84668434158881
09:28:09,214.3421879473723,125.84668434158881
09:28:09,214.3421879473723,125.84668434158881
09:28:10,214.58076131985652,125.828127382997
09:28:10,214.58076131985652,125.828127382997
09:28:10,214.58076131985652,125.828127382997
09:28:11,214.7170889411708,125.93944687352231
09:28:11,214.7170889411708,125.93944687352231
09:28:11,214.7170889411708,125.93944687352231
09:28:12,214.64892508910867,126.14354002755609
09:28:12,214.64892508910867,126.14354002755609
09:28:12,214.64892508910867,126.14354002755609
09:28:13,214.5580422482697,126.29196230439818
09:28:13,214.5580422482697,126.29196230439818
09:28:13,214.5580422482697,126.29196230439818
09:28:14,214.5466793203813,126.42183875493154
09:28:14,214.5466793203813,126.42183875493154
09:28:14,214.5466793203813,126.42183875493154
09:28:15,214.54667930361265,126.53315824545686
09:28:15,214.54667930361265,126.53315824545686
09:28:15,214.54667930361265,126.53315824545686
09:28:16,214.55804220039636,126.60736381809043
09:28:16,214.55804220039636,126.60736381809043
09:28:16,214.55804220039636,126.60736381809043
09:28:17,214.53531636239282,126.75579722721561
09:28:17,214.53531636239282,126.75579722721561
09:28:17,214.53531636239282,126.75579722721561
09:28:18,214.54667924771775,126.9042195040577
09:28:18,214.54667924771775,126.9042195040577
09:28:18,214.54667924771775,126.9042195040577
09:28:19,214.569398218106,127.08975569949968
09:28:19,214.569398218106,127.08975569949968
09:28:19,214.569398218106,127.08975569949968
09:28:20,214.5921240126517,127.21962101774996
09:28:20,214.5921240126517,127.21962101774996
09:28:20,214.5921240126517,127.21962101774996
09:28:21,214.6262058972835,127.3494974675752
09:28:21,214.6262058972835,127.3494974675752
09:28:21,214.6262058972835,127.3494974675752
09:28:22,214.60348004835834,127.57213644862584
09:28:22,214.60348004835834,127.57213644862584
09:28:22,214.60348004835834,127.57213644862584
09:28:23,214.5580420201647,127.79477543038458
09:28:23,214.5580420201647,127.79477543038458
09:28:23,214.5580420201647,127.79477543038458
09:28:24,214.47851528577502,127.94319770722669
09:28:24,214.47851528577502,127.94319770722669
09:28:24,214.47851528577502,127.94319770722669
09:28:25,214.45579626053484,128.14729086196857
09:28:25,214.45579626053484,128.14729086196857
09:28:25,214.45579626053484,128.14729086196857
09:28:26,214.43307042508343,128.3142700981106
09:28:26,214.43307042508343,128.3142700981106
09:28:26,214.43307042508343,128.3142700981106
09:28:27,214.37626950587907,128.48124933496075
09:28:27,214.37626950587907,128.48124933496075
09:28:27,214.37626950587907,128.48124933496075
09:28:28,214.3308246753445,128.66677439811963
09:28:28,214.3308246753445,128.66677439811963
09:28:28,214.3308246753445,128.66677439811963
09:28:29,214.30810566420666,128.79665084723678
09:28:29,214.30810566420666,128.79665084723678
09:28:29,214.30810566420666,128.79665084723678
09:28:30,214.21722285512286,128.92652729777012
09:28:30,214.21722285512286,128.92652729777012
09:28:30,214.21722285512286,128.92652729777012
09:28:31,214.18314094515569,129.01928982970364
09:28:31,214.18314094515569,129.01928982970364
09:28:31,214.18314094515569,129.01928982970364
09:28:32,214.14905902774422,129.18626906584566
09:28:32,214.14905902774422,129.18626906584566
09:28:32,214.14905902774422,129.18626906584566
09:28:33,214.13769610456208,129.3532483019877
09:28:33,214.13769610456208,129.3532483019877
09:28:33,214.13769610456208,129.3532483019877
09:28:34,214.05816939471848,129.44601083321308
09:28:34,214.05816939471848,129.44601083321308
09:28:34,214.05816939471848,129.44601083321308
09:28:35,213.99000559265295,129.52022753812972
09:28:35,213.99000559265295,129.52022753812972
09:28:35,213.99000559265295,129.52022753812972
09:28:36,213.89912280061367,129.57588728374645
09:28:36,213.89912280061367,129.57588728374645
09:28:36,213.89912280061367,129.57588728374645
09:28:37,213.7968771066103,129.61299007006323
09:28:37,213.7968771066103,129.61299007006323
09:28:37,213.7968771066103,129.61299007006323
09:28:38,213.69463141337417,129.65010398795496
09:28:38,213.69463141337417,129.65010398795496
09:28:38,213.69463141337417,129.65010398795496
09:28:39,213.62646761758148,129.68720677427177
09:28:39,213.62646761758148,129.68720677427177
09:28:39,213.62646761758148,129.68720677427177
09:28:40,213.55830382130765,129.74286651918035
09:28:40,213.55830382130765,129.74286651918035
09:28:40,213.55830382130765,129.74286651918035
09:28:41,213.49014002423485,129.83562905111387
09:28:41,213.49014002423485,129.83562905111387
09:28:41,213.49014002423485,129.83562905111387
09:28:42,213.42197622912445,129.9098457560305
09:28:42,213.42197622912445,129.9098457560305
09:28:42,213.42197622912445,129.9098457560305
