time,date,lat,lon,alt,altUnit,sep,sepUnit,identity,navStatus,posMode,spd,status,talker,numSV
09:20:37,2024-06-17,52.2421355,6.8592466667,,,,,GNRMC,V,A,0.025,A,GN,
09:20:37,,52.2421355,6.8592466667,36.0,M,46.0,M,GNGGA,,,,,GN,12
09:20:37,,52.2421355,6.8592466667,,,,,GNGLL,,A,,A,GN,
09:20:38,2024-06-17,52.2421355,6.8592465,,,,,GNRMC,V,A,0.015,A,GN,
09:20:38,,52.2421355,6.8592465,36.1,M,46.0,M,GNGGA,,,,,GN,12
09:20:38,,52.2421355,6.8592465,,,,,GNGLL,,A,,A,GN,
09:20:39,2024-06-17,52.2421355,6.8592466667,,,,,GNRMC,V,A,0.017,A,GN,
09:20:39,,52.2421355,6.8592466667,36.2,M,46.0,M,GNGGA,,,,,GN,12
09:20:39,,52.2421355,6.8592466667,,,,,GNGLL,,A,,A,GN,
09:20:40,2024-06-17,52.2421356667,6.8592466667,,,,,GNRMC,V,A,0.015,A,GN,
09:20:40,,52.2421356667,6.8592466667,36.3,M,46.0,M,GNGGA,,,,,GN,12
09:20:40,,52.2421356667,6.8592466667,,,,,GNGLL,,A,,A,GN,
09:20:41,2024-06-17,52.2421355,6.8592465,,,,,GNRMC,V,A,0.024,A,GN,
09:20:41,,52.2421355,6.8592465,36.5,M,46.0,M,GNGGA,,,,,GN,12
09:20:41,,52.2421355,6.8592465,,,,,GNGLL,,A,,A,GN,
09:20:42,2024-06-17,52.2421356667,6.8592465,,,,,GNRMC,V,A,0.013,A,GN,
09:20:42,,52.2421356667,6.8592465,36.5,M,46.0,M,GNGGA,,,,,GN,12
09:20:42,,52.2421356667,6.8592465,,,,,GNGLL,,A,,A,GN,
09:20:43,2024-06-17,52.2421355,6.8592465,,,,,GNRMC,V,A,0.014,A,GN,
09:20:43,,52.2421355,6.8592465,36.5,M,46.0,M,GNGGA,,,,,GN,12
09:20:43,,52.2421355,6.8592465,,,,,GNGLL,,A,,A,GN,
09:20:44,2024-06-17,52.2421351667,6.8592465,,,,,GNRMC,V,A,0.018,A,GN,
09:20:44,,52.2421351667,6.8592465,36.6,M,46.0,M,GNGGA,,,,,GN,12
09:20:44,,52.2421351667,6.8592465,,,,,GNGLL,,A,,A,GN,
09:20:45,2024-06-17,52.2421351667,6.8592466667,,,,,GNRMC,V,A,0.013,A,GN,
09:20:45,,52.2421351667,6.8592466667,36.6,M,46.0,M,GNGGA,,,,,GN,12
09:20:45,,52.2421351667,6.8592466667,,,,,GNGLL,,A,,A,GN,
09:20:46,2024-06-17,52.2421355,6.8592463333,,,,,GNRMC,V,A,0.023,A,GN,
09:20:46,,52.2421355,6.8592463333,36.7,M,46.0,M,GNGGA,,,,,GN,12
09:20:46,,52.2421355,6.8592463333,,,,,GNGLL,,A,,A,GN,
09:20:47,2024-06-17,52.2421355,6.8592463333,,,,,GNRMC,V,A,0.02,A,GN,
09:20:47,,52.2421355,6.8592463333,36.8,M,46.0,M,GNGGA,,,,,GN,12
09:20:47,,52.2421355,6.8592463333,,,,,GNGLL,,A,,A,GN,
09:20:48,2024-06-17,52.2421355,6.8592465,,,,,GNRMC,V,A,0.018,A,GN,
09:20:48,,52.2421355,6.8592465,37.0,M,46.0,M,GNGGA,,,,,GN,12
09:20:48,,52.2421355,6.8592465,,,,,GNGLL,,A,,A,GN,
09:20:49,2024-06-17,52.2421356667,6.8592463333,,,,,GNRMC,V,A,0.033,A,GN,
09:20:49,,52.2421356667,6.8592463333,37.2,M,46.0,M,GNGGA,,,,,GN,12
09:20:49,,52.2421356667,6.8592463333,,,,,GNGLL,,A,,A,GN,
09:20:50,2024-06-17,52.2421358333,6.859246,,,,,GNRMC,V,A,0.005,A,GN,
09:20:50,,52.2421358333,6.859246,37.3,M,46.0,M,GNGGA,,,,,GN,12
09:20:50,,52.2421358333,6.859246,,,,,GNGLL,,A,,A,GN,
09:20:51,2024-06-17,52.2421358333,6.8592458333,,,,,GNRMC,V,A,0.019,A,GN,
09:20:51,,52.2421358333,6.8592458333,37.5,M,46.0,M,GNGGA,,,,,GN,12
09:20:51,,52.2421358333,6.8592458333,,,,,GNGLL,,A,,A,GN,
09:20:52,2024-06-17,52.2421353333,6.8592458333,,,,,GNRMC,V,A,0.02,A,GN,
09:20:52,,52.2421353333,6.8592458333,37.6,M,46.0,M,GNGGA,,,,,GN,12
09:20:52,,52.2421353333,6.8592458333,,,,,GNGLL,,A,,A,GN,
09:20:53,2024-06-17,52.2421351667,6.8592458333,,,,,GNRMC,V,A,0.009,A,GN,
09:20:53,,52.2421351667,6.8592458333,37.7,M,46.0,M,GNGGA,,,,,GN,12
09:20:53,,52.2421351667,6.8592458333,,,,,GNGLL,,A,,A,GN,
09:20:54,2024-06-17,52.2421353333,6.8592456667,,,,,GNRMC,V,A,0.011,A,GN,
09:20:54,,52.2421353333,6.8592456667,37.8,M,46.0,M,GNGGA,,,,,GN,12
09:20:54,,52.2421353333,6.8592456667,,,,,GNGLL,,A,,A,GN,
09:20:55,2024-06-17,52.2421356667,6.8592458333,,,,,GNRMC,V,A,0.01,A,GN,
09:20:55,,52.2421356667,6.8592458333,37.9,M,46.0,M,GNGGA,,,,,GN,12
09:20:55,,52.2421356667,6.8592458333,,,,,GNGLL,,A,,A,GN,
09:20:56,2024-06-17,52.2421358333,6.859246,,,,,GNRMC,V,A,0.034,A,GN,
09:20:56,,52.2421358333,6.859246,38.0,M,46.0,M,GNGGA,,,,,GN,12
09:20:56,,52.2421358333,6.859246,,,,,GNGLL,,A,,A,GN,
09:20:57,2024-06-17,52.2421356667,6.8592461667,,,,,GNRMC,V,A,0.01,A,GN,
09:20:57,,52.2421356667,6.8592461667,38.1,M,46.0,M,GNGGA,,,,,GN,12
09:20:57,,52.2421356667,6.8592461667,,,,,GNGLL,,A,,A,GN,
09:20:58,2024-06-17,52.2421353333,6.8592465,,,,,GNRMC,V,A,0.013,A,GN,
09:20:58,,52.2421353333,6.8592465,38.2,M,46.0,M,GNGGA,,,,,GN,12
09:20:58,,52.2421353333,6.8592465,,,,,GNGLL,,A,,A,GN,
09:20:59,2024-06-17,52.2421353333,6.8592466667,,,,,GNRMC,V,A,0.009,A,GN,
09:20:59,,52.2421353333,6.8592466667,38.2,M,46.0,M,GNGGA,,,,,GN,12
09:20:59,,52.2421353333,6.8592466667,,,,,GNGLL,,A,,A,GN,
09:21:00,2024-06-17,52.2421351667,6.859247,,,,,GNRMC,V,A,0.013,A,GN,
09:21:00,,52.2421351667,6.859247,38.3,M,46.0,M,GNGGA,,,,,GN,12
09:21:00,,52.2421351667,6.859247,,,,,GNGLL,,A,,A,GN,
09:21:01,2024-06-17,52.2421351667,6.8592473333,,,,,GNRMC,V,A,0.037,A,GN,
09:21:01,,52.2421351667,6.8592473333,38.3,M,46.0,M,GNGGA,,,,,GN,12
09:21:01,,52.2421351667,6.8592473333,,,,,GNGLL,,A,,A,GN,
09:21:02,2024-06-17,52.2421348333,6.8592471667,,,,,GNRMC,V,A,0.009,A,GN,
09:21:02,,52.2421348333,6.8592471667,38.4,M,46.0,M,GNGGA,,,,,GN,12
09:21:02,,52.2421348333,6.8592471667,,,,,GNGLL,,A,,A,GN,
09:21:03,2024-06-17,52.2421345,6.8592478333,,,,,GNRMC,V,A,0.155,A,GN,
09:21:03,,52.2421345,6.8592478333,38.4,M,46.0,M,GNGGA,,,,,GN,12
09:21:03,,52.2421345,6.8592478333,,,,,GNGLL,,A,,A,GN,
09:21:04,2024-06-17,52.2421345,6.8592463333,,,,,GNRMC,V,A,0.339,A,GN,
09:21:04,,52.2421345,6.8592463333,38.3,M,46.0,M,GNGGA,,,,,GN,12
09:21:04,,52.2421345,6.8592463333,,,,,GNGLL,,A,,A,GN,
09:21:05,2024-06-17,52.2421351667,6.8592445,,,,,GNRMC,V,A,0.231,A,GN,
09:21:05,,52.2421351667,6.8592445,38.3,M,46.0,M,GNGGA,,,,,GN,12
09:21:05,,52.2421351667,6.8592445,,,,,GNGLL,,A,,A,GN,
09:21:06,2024-06-17,52.2421395,6.859247,,,,,GNRMC,V,A,1.228,A,GN,
09:21:06,,52.2421395,6.859247,38.1,M,46.0,M,GNGGA,,,,,GN,12
09:21:06,,52.2421395,6.859247,,,,,GNGLL,,A,,A,GN,
09:21:07,2024-06-17,52.2421463333,6.8592493333,,,,,GNRMC,V,A,1.593,A,GN,
09:21:07,,52.2421463333,6.8592493333,38.2,M,46.0,M,GNGGA,,,,,GN,12
09:21:07,,52.2421463333,6.8592493333,,,,,GNGLL,,A,,A,GN,
09:21:08,2024-06-17,52.2421586667,6.8592526667,,,,,GNRMC,V,A,2.976,A,GN,
09:21:08,,52.2421586667,6.8592526667,38.3,M,46.0,M,GNGGA,,,,,GN,12
09:21:08,,52.2421586667,6.8592526667,,,,,GNGLL,,A,,A,GN,
09:21:09,2024-06-17,52.2421758333,6.8592585,,,,,GNRMC,V,A,3.95,A,GN,
09:21:09,,52.2421758333,6.8592585,38.0,M,46.0,M,GNGGA,,,,,GN,12
09:21:09,,52.2421758333,6.8592585,,,,,GNGLL,,A,,A,GN,
09:21:10,2024-06-17,52.2421961667,6.8592605,,,,,GNRMC,V,A,4.329,A,GN,
09:21:10,,52.2421961667,6.8592605,37.9,M,46.0,M,GNGGA,,,,,GN,12
09:21:10,,52.2421961667,6.8592605,,,,,GNGLL,,A,,A,GN,
09:21:11,2024-06-17,52.242216,6.8592475,,,,,GNRMC,V,A,4.744,A,GN,
09:21:11,,52.242216,6.8592475,37.8,M,46.0,M,GNGGA,,,,,GN,12
09:21:11,,52.242216,6.8592475,,,,,GNGLL,,A,,A,GN,
09:21:12,2024-06-17,52.2422328333,6.859224,,,,,GNRMC,V,A,4.949,A,GN,
09:21:12,,52.2422328333,6.859224,37.3,M,46.0,M,GNGGA,,,,,GN,12
09:21:12,,52.2422328333,6.859224,,,,,GNGLL,,A,,A,GN,
09:21:13,2024-06-17,52.2422478333,6.8591941667,,,,,GNRMC,V,A,5.294,A,GN,
09:21:13,,52.2422478333,6.8591941667,36.6,M,46.0,M,GNGGA,,,,,GN,12
09:21:13,,52.2422478333,6.8591941667,,,,,GNGLL,,A,,A,GN,
09:21:14,2024-06-17,52.2422586667,6.8591543333,,,,,GNRMC,V,A,6.037,A,GN,
09:21:14,,52.2422586667,6.8591543333,35.9,M,46.0,M,GNGGA,,,,,GN,12
09:21:14,,52.2422586667,6.8591543333,,,,,GNGLL,,A,,A,GN,
09:21:15,2024-06-17,52.2422676667,6.8591126667,,,,,GNRMC,V,A,5.797,A,GN,
09:21:15,,52.2422676667,6.8591126667,35.2,M,46.0,M,GNGGA,,,,,GN,12
09:21:15,,52.2422676667,6.8591126667,,,,,GNGLL,,A,,A,GN,
09:21:16,2024-06-17,52.2422755,6.8590706667,,,,,GNRMC,V,A,5.714,A,GN,
09:21:16,,52.2422755,6.8590706667,34.7,M,46.0,M,GNGGA,,,,,GN,12
09:21:16,,52.2422755,6.8590706667,,,,,GNGLL,,A,,A,GN,
09:21:17,2024-06-17,52.24228,6.8590326667,,,,,GNRMC,V,A,5.013,A,GN,
09:21:17,,52.24228,6.8590326667,33.4,M,46.0,M,GNGGA,,,,,GN,12
09:21:17,,52.24228,6.8590326667,,,,,GNGLL,,A,,A,GN,
09:21:18,2024-06-17,52.2422908333,6.8589858333,,,,,GNRMC,V,A,7.069,A,GN,
09:21:18,,52.2422908333,6.8589858333,33.0,M,46.0,M,GNGGA,,,,,GN,12
09:21:18,,52.2422908333,6.8589858333,,,,,GNGLL,,A,,A,GN,
09:21:19,2024-06-17,52.2423005,6.8589341667,,,,,GNRMC,V,A,6.894,A,GN,
09:21:19,,52.2423005,6.8589341667,32.6,M,46.0,M,GNGGA,,,,,GN,12
09:21:19,,52.2423005,6.8589341667,,,,,GNGLL,,A,,A,GN,
09:21:20,2024-06-17,52.2423126667,6.8588788333,,,,,GNRMC,V,A,7.956,A,GN,
09:21:20,,52.2423126667,6.8588788333,32.2,M,46.0,M,GNGGA,,,,,GN,12
09:21:20,,52.2423126667,6.8588788333,,,,,GNGLL,,A,,A,GN,
09:21:21,2024-06-17,52.2423241667,6.8588206667,,,,,GNRMC,V,A,7.877,A,GN,
09:21:21,,52.2423241667,6.8588206667,32.2,M,46.0,M,GNGGA,,,,,GN,12
09:21:21,,52.2423241667,6.8588206667,,,,,GNGLL,,A,,A,GN,
09:21:22,2024-06-17,52.2423326667,6.858763,,,,,GNRMC,V,A,7.695,A,GN,
09:21:22,,52.2423326667,6.858763,31.8,M,46.0,M,GNGGA,,,,,GN,12
09:21:22,,52.2423326667,6.858763,,,,,GNGLL,,A,,A,GN,
09:21:23,2024-06-17,52.242342,6.8587068333,,,,,GNRMC,V,A,7.598,A,GN,
09:21:23,,52.242342,6.8587068333,31.1,M,46.0,M,GNGGA,,,,,GN,12
09:21:23,,52.242342,6.8587068333,,,,,GNGLL,,A,,A,GN,
09:21:24,2024-06-17,52.242353,6.8586531667,,,,,GNRMC,V,A,7.328,A,GN,
09:21:24,,52.242353,6.8586531667,30.3,M,46.0,M,GNGGA,,,,,GN,12
09:21:24,,52.242353,6.8586531667,,,,,GNGLL,,A,,A,GN,
09:21:25,2024-06-17,52.2423656667,6.8586015,,,,,GNRMC,V,A,6.97,A,GN,
09:21:25,,52.2423656667,6.8586015,29.9,M,46.0,M,GNGGA,,,,,GN,12
09:21:25,,52.2423656667,6.8586015,,,,,GNGLL,,A,,A,GN,
09:21:26,2024-06-17,52.2423748333,6.8585455,,,,,GNRMC,V,A,7.828,A,GN,
09:21:26,,52.2423748333,6.8585455,29.3,M,46.0,M,GNGGA,,,,,GN,12
09:21:26,,52.2423748333,6.8585455,,,,,GNGLL,,A,,A,GN,
09:21:27,2024-06-17,52.2423833333,6.8584843333,,,,,GNRMC,V,A,8.001,A,GN,
09:21:27,,52.2423833333,6.8584843333,29.0,M,46.0,M,GNGGA,,,,,GN,12
09:21:27,,52.2423833333,6.8584843333,,,,,GNGLL,,A,,A,GN,
09:21:28,2024-06-17,52.2423873333,6.8584265,,,,,GNRMC,V,A,7.224,A,GN,
09:21:28,,52.2423873333,6.8584265,28.4,M,46.0,M,GNGGA,,,,,GN,12
09:21:28,,52.2423873333,6.8584265,,,,,GNGLL,,A,,A,GN,
09:21:29,2024-06-17,52.2423985,6.858362,,,,,GNRMC,V,A,9.141,A,GN,
09:21:29,,52.2423985,6.858362,28.0,M,46.0,M,GNGGA,,,,,GN,12
09:21:29,,52.2423985,6.858362,,,,,GNGLL,,A,,A,GN,
09:21:30,2024-06-17,52.2424068333,6.8582971667,,,,,GNRMC,V,A,8.245,A,GN,
09:21:30,,52.2424068333,6.8582971667,27.7,M,46.0,M,GNGGA,,,,,GN,12
09:21:30,,52.2424068333,6.8582971667,,,,,GNGLL,,A,,A,GN,
09:21:31,2024-06-17,52.242416,6.8582358333,,,,,GNRMC,V,A,8.294,A,GN,
09:21:31,,52.242416,6.8582358333,26.8,M,46.0,M,GNGGA,,,,,GN,12
09:21:31,,52.242416,6.8582358333,,,,,GNGLL,,A,,A,GN,
09:21:32,2024-06-17,52.2424286667,6.8581751667,,,,,GNRMC,V,A,8.135,A,GN,
09:21:32,,52.2424286667,6.8581751667,26.3,M,46.0,M,GNGGA,,,,,GN,12
09:21:32,,52.2424286667,6.8581751667,,,,,GNGLL,,A,,A,GN,
09:21:33,2024-06-17,52.2424416667,6.858111,,,,,GNRMC,V,A,8.596,A,GN,
09:21:33,,52.2424416667,6.858111,26.2,M,46.0,M,GNGGA,,,,,GN,12
09:21:33,,52.2424416667,6.858111,,,,,GNGLL,,A,,A,GN,
09:21:34,2024-06-17,52.2424531667,6.858045,,,,,GNRMC,V,A,9.042,A,GN,
09:21:34,,52.2424531667,6.858045,25.4,M,46.0,M,GNGGA,,,,,GN,12
09:21:34,,52.2424531667,6.858045,,,,,GNGLL,,A,,A,GN,
09:21:35,2024-06-17,52.2424623333,6.8579728333,,,,,GNRMC,V,A,9.228,A,GN,
09:21:35,,52.2424623333,6.8579728333,25.4,M,46.0,M,GNGGA,,,,,GN,12
09:21:35,,52.2424623333,6.8579728333,,,,,GNGLL,,A,,A,GN,
09:21:36,2024-06-17,52.2424728333,6.8579048333,,,,,GNRMC,V,A,8.964,A,GN,
09:21:36,,52.2424728333,6.8579048333,24.9,M,46.0,M,GNGGA,,,,,GN,12
09:21:36,,52.2424728333,6.8579048333,,,,,GNGLL,,A,,A,GN,
09:21:37,2024-06-17,52.242481,6.857834,,,,,GNRMC,V,A,9.237,A,GN,
09:21:37,,52.242481,6.857834,24.4,M,46.0,M,GNGGA,,,,,GN,12
09:21:37,,52.242481,6.857834,,,,,GNGLL,,A,,A,GN,
09:21:38,2024-06-17,52.24249,6.8577628333,,,,,GNRMC,V,A,9.025,A,GN,
09:21:38,,52.24249,6.8577628333,24.1,M,46.0,M,GNGGA,,,,,GN,12
09:21:38,,52.24249,6.8577628333,,,,,GNGLL,,A,,A,GN,
09:21:39,2024-06-17,52.2424968333,6.8576945,,,,,GNRMC,V,A,8.715,A,GN,
09:21:39,,52.2424968333,6.8576945,23.6,M,46.0,M,GNGGA,,,,,GN,12
09:21:39,,52.2424968333,6.8576945,,,,,GNGLL,,A,,A,GN,
09:21:40,2024-06-17,52.242505,6.857626,,,,,GNRMC,V,A,8.778,A,GN,
09:21:40,,52.242505,6.857626,23.3,M,46.0,M,GNGGA,,,,,GN,12
09:21:40,,52.242505,6.857626,,,,,GNGLL,,A,,A,GN,
09:21:41,2024-06-17,52.242513,6.8575623333,,,,,GNRMC,V,A,8.303,A,GN,
09:21:41,,52.242513,6.8575623333,22.8,M,46.0,M,GNGGA,,,,,GN,12
09:21:41,,52.242513,6.8575623333,,,,,GNGLL,,A,,A,GN,
09:21:42,2024-06-17,52.2425228333,6.8574953333,,,,,GNRMC,V,A,8.784,A,GN,
09:21:42,,52.2425228333,6.8574953333,22.7,M,46.0,M,GNGGA,,,,,GN,12
09:21:42,,52.2425228333,6.8574953333,,,,,GNGLL,,A,,A,GN,
09:21:43,2024-06-17,52.2425325,6.8574315,,,,,GNRMC,V,A,8.374,A,GN,
09:21:43,,52.2425325,6.8574315,22.2,M,46.0,M,GNGGA,,,,,GN,12
09:21:43,,52.2425325,6.8574315,,,,,GNGLL,,A,,A,GN,
09:21:44,2024-06-17,52.2425365,6.857365,,,,,GNRMC,V,A,8.404,A,GN,
09:21:44,,52.2425365,6.857365,22.1,M,46.0,M,GNGGA,,,,,GN,12
09:21:44,,52.2425365,6.857365,,,,,GNGLL,,A,,A,GN,
09:21:45,2024-06-17,52.242535,6.8572986667,,,,,GNRMC,V,A,8.305,A,GN,
09:21:45,,52.242535,6.8572986667,21.6,M,46.0,M,GNGGA,,,,,GN,12
09:21:45,,52.242535,6.8572986667,,,,,GNGLL,,A,,A,GN,
09:21:46,,52.2425313333,6.8572288333,21.9,M,46.0,M,GNGGA,,,,,GN,12
09:21:46,,52.2425313333,6.8572288333,,,,,GNGLL,,A,,A,GN,
09:21:47,2024-06-17,52.242526,6.8571625,,,,,GNRMC,V,A,8.256,A,GN,
09:21:47,,52.242526,6.8571625,21.6,M,46.0,M,GNGGA,,,,,GN,12
09:21:47,,52.242526,6.8571625,,,,,GNGLL,,A,,A,GN,
09:21:48,2024-06-17,52.242519,6.8570993333,,,,,GNRMC,V,A,7.886,A,GN,
09:21:48,,52.242519,6.8570993333,21.4,M,46.0,M,GNGGA,,,,,GN,12
09:21:48,,52.242519,6.8570993333,,,,,GNGLL,,A,,A,GN,
09:21:49,2024-06-17,52.2425118333,6.8570351667,,,,,GNRMC,V,A,8.133,A,GN,
09:21:49,,52.2425118333,6.8570351667,21.3,M,46.0,M,GNGGA,,,,,GN,12
09:21:49,,52.2425118333,6.8570351667,,,,,GNGLL,,A,,A,GN,
09:21:50,2024-06-17,52.2425013333,6.856974,,,,,GNRMC,V,A,7.746,A,GN,
09:21:50,,52.2425013333,6.856974,21.2,M,46.0,M,GNGGA,,,,,GN,12
09:21:50,,52.2425013333,6.856974,,,,,GNGLL,,A,,A,GN,
09:21:51,2024-06-17,52.2424825,6.8569278333,,,,,GNRMC,V,A,6.842,A,GN,
09:21:51,,52.2424825,6.8569278333,21.0,M,46.0,M,GNGGA,,,,,GN,12
09:21:51,,52.2424825,6.8569278333,,,,,GNGLL,,A,,A,GN,
09:21:52,2024-06-17,52.2424551667,6.856893,,,,,GNRMC,V,A,7.493,A,GN,
09:21:52,,52.2424551667,6.856893,21.6,M,46.0,M,GNGGA,,,,,GN,12
09:21:52,,52.2424551667,6.856893,,,,,GNGLL,,A,,A,GN,
09:21:53,2024-06-17,52.2424215,6.8568633333,,,,,GNRMC,V,A,8.262,A,GN,
09:21:53,,52.2424215,6.8568633333,21.8,M,46.0,M,GNGGA,,,,,GN,12
09:21:53,,52.2424215,6.8568633333,,,,,GNGLL,,A,,A,GN,
09:21:54,2024-06-17,52.2423875,6.85683,,,,,GNRMC,V,A,8.241,A,GN,
09:21:54,,52.2423875,6.85683,22.4,M,46.0,M,GNGGA,,,,,GN,12
09:21:54,,52.2423875,6.85683,,,,,GNGLL,,A,,A,GN,
09:21:55,2024-06-17,52.2423531667,6.8567941667,,,,,GNRMC,V,A,8.292,A,GN,
09:21:55,,52.2423531667,6.8567941667,23.0,M,46.0,M,GNGGA,,,,,GN,12
09:21:55,,52.2423531667,6.8567941667,,,,,GNGLL,,A,,A,GN,
09:21:56,2024-06-17,52.2423201667,6.8567578333,,,,,GNRMC,V,A,8.316,A,GN,
09:21:56,,52.2423201667,6.8567578333,23.5,M,46.0,M,GNGGA,,,,,GN,12
09:21:56,,52.2423201667,6.8567578333,,,,,GNGLL,,A,,A,GN,
09:21:57,2024-06-17,52.2422858333,6.8567225,,,,,GNRMC,V,A,8.374,A,GN,
09:21:57,,52.2422858333,6.8567225,23.9,M,46.0,M,GNGGA,,,,,GN,12
09:21:57,,52.2422858333,6.8567225,,,,,GNGLL,,A,,A,GN,
09:21:58,2024-06-17,52.2422523333,6.8566868333,,,,,GNRMC,V,A,8.517,A,GN,
09:21:58,,52.2422523333,6.8566868333,24.1,M,46.0,M,GNGGA,,,,,GN,12
09:21:58,,52.2422523333,6.8566868333,,,,,GNGLL,,A,,A,GN,
09:21:59,2024-06-17,52.2422186667,6.8566496667,,,,,GNRMC,V,A,8.403,A,GN,
09:21:59,,52.2422186667,6.8566496667,24.5,M,46.0,M,GNGGA,,,,,GN,12
09:21:59,,52.2422186667,6.8566496667,,,,,GNGLL,,A,,A,GN,
09:22:00,2024-06-17,52.2421863333,6.8566126667,,,,,GNRMC,V,A,8.316,A,GN,
09:22:00,,52.2421863333,6.8566126667,25.2,M,46.0,M,GNGGA,,,,,GN,12
09:22:00,,52.2421863333,6.8566126667,,,,,GNGLL,,A,,A,GN,
09:22:01,2024-06-17,52.2421505,6.8565793333,,,,,GNRMC,V,A,8.802,A,GN,
09:22:01,,52.2421505,6.8565793333,25.2,M,46.0,M,GNGGA,,,,,GN,12
09:22:01,,52.2421505,6.8565793333,,,,,GNGLL,,A,,A,GN,
09:22:02,2024-06-17,52.2421166667,6.8565446667,,,,,GNRMC,V,A,8.266,A,GN,
09:22:02,,52.2421166667,6.8565446667,25.4,M,46.0,M,GNGGA,,,,,GN,12
09:22:02,,52.2421166667,6.8565446667,,,,,GNGLL,,A,,A,GN,
09:22:03,2024-06-17,52.2420835,6.8565095,,,,,GNRMC,V,A,8.523,A,GN,
09:22:03,,52.2420835,6.8565095,25.3,M,46.0,M,GNGGA,,,,,GN,12
09:22:03,,52.2420835,6.8565095,,,,,GNGLL,,A,,A,GN,
09:22:04,2024-06-17,52.2420503333,6.8564773333,,,,,GNRMC,V,A,8.208,A,GN,
09:22:04,,52.2420503333,6.8564773333,25.1,M,46.0,M,GNGGA,,,,,GN,12
09:22:04,,52.2420503333,6.8564773333,,,,,GNGLL,,A,,A,GN,
09:22:05,2024-06-17,52.2420175,6.8564441667,,,,,GNRMC,V,A,8.178,A,GN,
09:22:05,,52.2420175,6.8564441667,25.6,M,46.0,M,GNGGA,,,,,GN,12
09:22:05,,52.2420175,6.8564441667,,,,,GNGLL,,A,,A,GN,
09:22:06,2024-06-17,52.2419836667,6.8564111667,,,,,GNRMC,V,A,8.636,A,GN,
09:22:06,,52.2419836667,6.8564111667,25.6,M,46.0,M,GNGGA,,,,,GN,12
09:22:06,,52.2419836667,6.8564111667,,,,,GNGLL,,A,,A,GN,
09:22:07,2024-06-17,52.2419498333,6.8563803333,,,,,GNRMC,V,A,8.013,A,GN,
09:22:07,,52.2419498333,6.8563803333,26.1,M,46.0,M,GNGGA,,,,,GN,12
09:22:07,,52.2419498333,6.8563803333,,,,,GNGLL,,A,,A,GN,
09:22:08,2024-06-17,52.241918,6.856351,,,,,GNRMC,V,A,7.861,A,GN,
09:22:08,,52.241918,6.856351,26.0,M,46.0,M,GNGGA,,,,,GN,12
09:22:08,,52.241918,6.856351,,,,,GNGLL,,A,,A,GN,
09:22:09,2024-06-17,52.2418858333,6.8563205,,,,,GNRMC,V,A,7.958,A,GN,
09:22:09,,52.2418858333,6.8563205,26.1,M,46.0,M,GNGGA,,,,,GN,12
09:22:09,,52.2418858333,6.8563205,,,,,GNGLL,,A,,A,GN,
09:22:10,2024-06-17,52.2418548333,6.8562873333,,,,,GNRMC,V,A,7.981,A,GN,
09:22:10,,52.2418548333,6.8562873333,25.8,M,46.0,M,GNGGA,,,,,GN,12
09:22:10,,52.2418548333,6.8562873333,,,,,GNGLL,,A,,A,GN,
09:22:11,2024-06-17,52.2418245,6.8562581667,,,,,GNRMC,V,A,7.432,A,GN,
09:22:11,,52.2418245,6.8562581667,25.6,M,46.0,M,GNGGA,,,,,GN,12
09:22:11,,52.2418245,6.8562581667,,,,,GNGLL,,A,,A,GN,
09:22:12,2024-06-17,52.241793,6.8562275,,,,,GNRMC,V,A,7.916,A,GN,
09:22:12,,52.241793,6.8562275,25.8,M,46.0,M,GNGGA,,,,,GN,12
09:22:12,,52.241793,6.8562275,,,,,GNGLL,,A,,A,GN,
09:22:13,2024-06-17,52.2417598333,6.8561945,,,,,GNRMC,V,A,8.42,A,GN,
09:22:13,,52.2417598333,6.8561945,26.0,M,46.0,M,GNGGA,,,,,GN,12
09:22:13,,52.2417598333,6.8561945,,,,,GNGLL,,A,,A,GN,
09:22:14,2024-06-17,52.2417266667,6.8561631667,,,,,GNRMC,V,A,8.1,A,GN,
09:22:14,,52.2417266667,6.8561631667,26.0,M,46.0,M,GNGGA,,,,,GN,12
09:22:14,,52.2417266667,6.8561631667,,,,,GNGLL,,A,,A,GN,
09:22:15,2024-06-17,52.2416906667,6.8561458333,,,,,GNRMC,V,A,7.97,A,GN,
09:22:15,,52.2416906667,6.8561458333,26.2,M,46.0,M,GNGGA,,,,,GN,12
09:22:15,,52.2416906667,6.8561458333,,,,,GNGLL,,A,,A,GN,
09:22:16,2024-06-17,52.2416525,6.8561456667,,,,,GNRMC,V,A,8.142,A,GN,
09:22:16,,52.2416525,6.8561456667,26.5,M,46.0,M,GNGGA,,,,,GN,12
09:22:16,,52.2416525,6.8561456667,,,,,GNGLL,,A,,A,GN,
09:22:17,2024-06-17,52.2416176667,6.8561661667,,,,,GNRMC,V,A,8.218,A,GN,
09:22:17,,52.2416176667,6.8561661667,26.6,M,46.0,M,GNGGA,,,,,GN,12
09:22:17,,52.2416176667,6.8561661667,,,,,GNGLL,,A,,A,GN,
09:22:18,2024-06-17,52.2415881667,6.8562041667,,,,,GNRMC,V,A,8.399,A,GN,
09:22:18,,52.2415881667,6.8562041667,26.7,M,46.0,M,GNGGA,,,,,GN,12
09:22:18,,52.2415881667,6.8562041667,,,,,GNGLL,,A,,A,GN,
09:22:19,2024-06-17,52.2415648333,6.856253,,,,,GNRMC,V,A,8.42,A,GN,
09:22:19,,52.2415648333,6.856253,26.7,M,46.0,M,GNGGA,,,,,GN,12
09:22:19,,52.2415648333,6.856253,,,,,GNGLL,,A,,A,GN,
09:22:20,2024-06-17,52.2415491667,6.8563076667,,,,,GNRMC,V,A,8.346,A,GN,
09:22:20,,52.2415491667,6.8563076667,26.4,M,46.0,M,GNGGA,,,,,GN,12
09:22:20,,52.2415491667,6.8563076667,,,,,GNGLL,,A,,A,GN,
09:22:21,2024-06-17,52.2415366667,6.8563681667,,,,,GNRMC,V,A,8.873,A,GN,
09:22:21,,52.2415366667,6.8563681667,26.4,M,46.0,M,GNGGA,,,,,GN,12
09:22:21,,52.2415366667,6.8563681667,,,,,GNGLL,,A,,A,GN,
09:22:22,2024-06-17,52.2415266667,6.856431,,,,,GNRMC,V,A,8.958,A,GN,
09:22:22,,52.2415266667,6.856431,26.6,M,46.0,M,GNGGA,,,,,GN,12
09:22:22,,52.2415266667,6.856431,,,,,GNGLL,,A,,A,GN,
09:22:23,2024-06-17,52.2415185,6.8564945,,,,,GNRMC,V,A,8.87,A,GN,
09:22:23,,52.2415185,6.8564945,26.8,M,46.0,M,GNGGA,,,,,GN,12
09:22:23,,52.2415185,6.8564945,,,,,GNGLL,,A,,A,GN,
09:22:24,2024-06-17,52.2415103333,6.8565576667,,,,,GNRMC,V,A,8.754,A,GN,
09:22:24,,52.2415103333,6.8565576667,26.9,M,46.0,M,GNGGA,,,,,GN,12
09:22:24,,52.2415103333,6.8565576667,,,,,GNGLL,,A,,A,GN,
09:22:25,2024-06-17,52.2415006667,6.8566211667,,,,,GNRMC,V,A,8.965,A,GN,
09:22:25,,52.2415006667,6.8566211667,27.0,M,46.0,M,GNGGA,,,,,GN,12
09:22:25,,52.2415006667,6.8566211667,,,,,GNGLL,,A,,A,GN,
09:22:26,2024-06-17,52.2414905,6.8566851667,,,,,GNRMC,V,A,8.911,A,GN,
09:22:26,,52.2414905,6.8566851667,27.1,M,46.0,M,GNGGA,,,,,GN,12
09:22:26,,52.2414905,6.8566851667,,,,,GNGLL,,A,,A,GN,
09:22:27,2024-06-17,52.2414808333,6.8567493333,,,,,GNRMC,V,A,8.929,A,GN,
09:22:27,,52.2414808333,6.8567493333,27.2,M,46.0,M,GNGGA,,,,,GN,12
09:22:27,,52.2414808333,6.8567493333,,,,,GNGLL,,A,,A,GN,
09:22:28,2024-06-17,52.2414708333,6.8568141667,,,,,GNRMC,V,A,9.007,A,GN,
09:22:28,,52.2414708333,6.8568141667,27.2,M,46.0,M,GNGGA,,,,,GN,12
09:22:28,,52.2414708333,6.8568141667,,,,,GNGLL,,A,,A,GN,
09:22:29,2024-06-17,52.2414595,6.8568778333,,,,,GNRMC,V,A,8.882,A,GN,
09:22:29,,52.2414595,6.8568778333,27.2,M,46.0,M,GNGGA,,,,,GN,12
09:22:29,,52.2414595,6.8568778333,,,,,GNGLL,,A,,A,GN,
09:22:30,2024-06-17,52.2414475,6.8569405,,,,,GNRMC,V,A,8.837,A,GN,
09:22:30,,52.2414475,6.8569405,27.1,M,46.0,M,GNGGA,,,,,GN,12
09:22:30,,52.2414475,6.8569405,,,,,GNGLL,,A,,A,GN,
09:22:31,2024-06-17,52.241435,6.8570026667,,,,,GNRMC,V,A,8.734,A,GN,
09:22:31,,52.241435,6.8570026667,27.1,M,46.0,M,GNGGA,,,,,GN,12
09:22:31,,52.241435,6.8570026667,,,,,GNGLL,,A,,A,GN,
09:22:32,2024-06-17,52.2414225,6.8570643333,,,,,GNRMC,V,A,8.677,A,GN,
09:22:32,,52.2414225,6.8570643333,27.3,M,46.0,M,GNGGA,,,,,GN,12
09:22:32,,52.2414225,6.8570643333,,,,,GNGLL,,A,,A,GN,
09:22:33,2024-06-17,52.2414101667,6.8571245,,,,,GNRMC,V,A,8.432,A,GN,
09:22:33,,52.2414101667,6.8571245,27.2,M,46.0,M,GNGGA,,,,,GN,12
09:22:33,,52.2414101667,6.8571245,,,,,GNGLL,,A,,A,GN,
09:22:34,2024-06-17,52.2413968333,6.8571826667,,,,,GNRMC,V,A,8.314,A,GN,
09:22:34,,52.2413968333,6.8571826667,27.1,M,46.0,M,GNGGA,,,,,GN,12
09:22:34,,52.2413968333,6.8571826667,,,,,GNGLL,,A,,A,GN,
09:22:35,2024-06-17,52.2413818333,6.8572398333,,,,,GNRMC,V,A,8.336,A,GN,
09:22:35,,52.2413818333,6.8572398333,27.0,M,46.0,M,GNGGA,,,,,GN,12
09:22:35,,52.2413818333,6.8572398333,,,,,GNGLL,,A,,A,GN,
09:22:36,2024-06-17,52.241365,6.8572961667,,,,,GNRMC,V,A,8.378,A,GN,
09:22:36,,52.241365,6.8572961667,27.1,M,46.0,M,GNGGA,,,,,GN,12
09:22:36,,52.241365,6.8572961667,,,,,GNGLL,,A,,A,GN,
09:22:37,2024-06-17,52.2413471667,6.857353,,,,,GNRMC,V,A,8.418,A,GN,
09:22:37,,52.2413471667,6.857353,27.1,M,46.0,M,GNGGA,,,,,GN,12
09:22:37,,52.2413471667,6.857353,,,,,GNGLL,,A,,A,GN,
09:22:38,2024-06-17,52.2413293333,6.85741,,,,,GNRMC,V,A,8.516,A,GN,
09:22:38,,52.2413293333,6.85741,27.1,M,46.0,M,GNGGA,,,,,GN,12
09:22:38,,52.2413293333,6.85741,,,,,GNGLL,,A,,A,GN,
09:22:39,2024-06-17,52.2413113333,6.8574673333,,,,,GNRMC,V,A,8.556,A,GN,
09:22:39,,52.2413113333,6.8574673333,27.0,M,46.0,M,GNGGA,,,,,GN,12
09:22:39,,52.2413113333,6.8574673333,,,,,GNGLL,,A,,A,GN,
09:22:40,2024-06-17,52.2412938333,6.857525,,,,,GNRMC,V,A,8.547,A,GN,
09:22:40,,52.2412938333,6.857525,27.1,M,46.0,M,GNGGA,,,,,GN,12
09:22:40,,52.2412938333,6.857525,,,,,GNGLL,,A,,A,GN,
09:22:41,2024-06-17,52.2412768333,6.857582,,,,,GNRMC,V,A,8.368,A,GN,
09:22:41,,52.2412768333,6.857582,27.3,M,46.0,M,GNGGA,,,,,GN,12
09:22:41,,52.2412768333,6.857582,,,,,GNGLL,,A,,A,GN,
09:22:42,2024-06-17,52.2412606667,6.857639,,,,,GNRMC,V,A,8.442,A,GN,
09:22:42,,52.2412606667,6.857639,27.1,M,46.0,M,GNGGA,,,,,GN,12
09:22:42,,52.2412606667,6.857639,,,,,GNGLL,,A,,A,GN,
09:22:43,2024-06-17,52.2412443333,6.8576976667,,,,,GNRMC,V,A,8.517,A,GN,
09:22:43,,52.2412443333,6.8576976667,27.2,M,46.0,M,GNGGA,,,,,GN,12
09:22:43,,52.2412443333,6.8576976667,,,,,GNGLL,,A,,A,GN,
09:22:44,2024-06-17,52.241227,6.857756,,,,,GNRMC,V,A,8.622,A,GN,
09:22:44,,52.241227,6.857756,27.1,M,46.0,M,GNGGA,,,,,GN,12
09:22:44,,52.241227,6.857756,,,,,GNGLL,,A,,A,GN,
09:22:45,2024-06-17,52.2412096667,6.8578148333,,,,,GNRMC,V,A,8.612,A,GN,
09:22:45,,52.2412096667,6.8578148333,27.2,M,46.0,M,GNGGA,,,,,GN,12
09:22:45,,52.2412096667,6.8578148333,,,,,GNGLL,,A,,A,GN,
09:22:46,2024-06-17,52.2411931667,6.8578745,,,,,GNRMC,V,A,8.657,A,GN,
09:22:46,,52.2411931667,6.8578745,27.2,M,46.0,M,GNGGA,,,,,GN,12
09:22:46,,52.2411931667,6.8578745,,,,,GNGLL,,A,,A,GN,
09:22:47,2024-06-17,52.2411765,6.8579343333,,,,,GNRMC,V,A,8.71,A,GN,
09:22:47,,52.2411765,6.8579343333,27.2,M,46.0,M,GNGGA,,,,,GN,12
09:22:47,,52.2411765,6.8579343333,,,,,GNGLL,,A,,A,GN,
09:22:48,2024-06-17,52.24116,6.8579936667,,,,,GNRMC,V,A,8.626,A,GN,
09:22:48,,52.24116,6.8579936667,27.2,M,46.0,M,GNGGA,,,,,GN,12
09:22:48,,52.24116,6.8579936667,,,,,GNGLL,,A,,A,GN,
09:22:49,2024-06-17,52.2411431667,6.8580533333,,,,,GNRMC,V,A,8.688,A,GN,
09:22:49,,52.2411431667,6.8580533333,27.3,M,46.0,M,GNGGA,,,,,GN,12
09:22:49,,52.2411431667,6.8580533333,,,,,GNGLL,,A,,A,GN,
09:22:50,2024-06-17,52.2411263333,6.8581126667,,,,,GNRMC,V,A,8.588,A,GN,
09:22:50,,52.2411263333,6.8581126667,27.3,M,46.0,M,GNGGA,,,,,GN,12
09:22:50,,52.2411263333,6.8581126667,,,,,GNGLL,,A,,A,GN,
09:22:51,2024-06-17,52.2411096667,6.8581711667,,,,,GNRMC,V,A,8.557,A,GN,
09:22:51,,52.2411096667,6.8581711667,27.3,M,46.0,M,GNGGA,,,,,GN,12
09:22:51,,52.2411096667,6.8581711667,,,,,GNGLL,,A,,A,GN,
09:22:52,2024-06-17,52.2410933333,6.8582286667,,,,,GNRMC,V,A,8.297,A,GN,
09:22:52,,52.2410933333,6.8582286667,27.4,M,46.0,M,GNGGA,,,,,GN,12
09:22:52,,52.2410933333,6.8582286667,,,,,GNGLL,,A,,A,GN,
09:22:53,2024-06-17,52.2410773333,6.8582856667,,,,,GNRMC,V,A,8.307,A,GN,
09:22:53,,52.2410773333,6.8582856667,27.4,M,46.0,M,GNGGA,,,,,GN,12
09:22:53,,52.2410773333,6.8582856667,,,,,GNGLL,,A,,A,GN,
09:22:54,2024-06-17,52.241061,6.8583425,,,,,GNRMC,V,A,8.236,A,GN,
09:22:54,,52.241061,6.8583425,27.5,M,46.0,M,GNGGA,,,,,GN,12
09:22:54,,52.241061,6.8583425,,,,,GNGLL,,A,,A,GN,
09:22:55,2024-06-17,52.2410443333,6.8583996667,,,,,GNRMC,V,A,8.417,A,GN,
09:22:55,,52.2410443333,6.8583996667,27.5,M,46.0,M,GNGGA,,,,,GN,12
09:22:55,,52.2410443333,6.8583996667,,,,,GNGLL,,A,,A,GN,
09:22:56,2024-06-17,52.2410271667,6.8584573333,,,,,GNRMC,V,A,8.475,A,GN,
09:22:56,,52.2410271667,6.8584573333,27.5,M,46.0,M,GNGGA,,,,,GN,12
09:22:56,,52.2410271667,6.8584573333,,,,,GNGLL,,A,,A,GN,
09:22:57,2024-06-17,52.2410093333,6.8585148333,,,,,GNRMC,V,A,8.467,A,GN,
09:22:57,,52.2410093333,6.8585148333,27.5,M,46.0,M,GNGGA,,,,,GN,12
09:22:57,,52.2410093333,6.8585148333,,,,,GNGLL,,A,,A,GN,
09:22:58,2024-06-17,52.2409933333,6.8585735,,,,,GNRMC,V,A,8.438,A,GN,
09:22:58,,52.2409933333,6.8585735,27.6,M,46.0,M,GNGGA,,,,,GN,12
09:22:58,,52.2409933333,6.8585735,,,,,GNGLL,,A,,A,GN,
09:22:59,2024-06-17,52.2409805,6.8586301667,,,,,GNRMC,V,A,7.816,A,GN,
09:22:59,,52.2409805,6.8586301667,27.6,M,46.0,M,GNGGA,,,,,GN,12
09:22:59,,52.2409805,6.8586301667,,,,,GNGLL,,A,,A,GN,
09:23:00,2024-06-17,52.240975,6.8586868333,,,,,GNRMC,V,A,7.497,A,GN,
09:23:00,,52.240975,6.8586868333,27.8,M,46.0,M,GNGGA,,,,,GN,12
09:23:00,,52.240975,6.8586868333,,,,,GNGLL,,A,,A,GN,
09:23:01,2024-06-17,52.2409823333,6.8587401667,,,,,GNRMC,V,A,7.264,A,GN,
09:23:01,,52.2409823333,6.8587401667,27.9,M,46.0,M,GNGGA,,,,,GN,12
09:23:01,,52.2409823333,6.8587401667,,,,,GNGLL,,A,,A,GN,
09:23:02,2024-06-17,52.2410023333,6.8587821667,,,,,GNRMC,V,A,7.155,A,GN,
09:23:02,,52.2410023333,6.8587821667,28.2,M,46.0,M,GNGGA,,,,,GN,12
09:23:02,,52.2410023333,6.8587821667,,,,,GNGLL,,A,,A,GN,
09:23:03,2024-06-17,52.2410308333,6.8588128333,,,,,GNRMC,V,A,7.612,A,GN,
09:23:03,,52.2410308333,6.8588128333,28.2,M,46.0,M,GNGGA,,,,,GN,12
09:23:03,,52.2410308333,6.8588128333,,,,,GNGLL,,A,,A,GN,
09:23:04,2024-06-17,52.2410636667,6.8588325,,,,,GNRMC,V,A,7.756,A,GN,
09:23:04,,52.2410636667,6.8588325,28.0,M,46.0,M,GNGGA,,,,,GN,12
09:23:04,,52.2410636667,6.8588325,,,,,GNGLL,,A,,A,GN,
09:23:05,2024-06-17,52.2411,6.8588445,,,,,GNRMC,V,A,8.267,A,GN,
09:23:05,,52.2411,6.8588445,27.9,M,46.0,M,GNGGA,,,,,GN,12
09:23:05,,52.2411,6.8588445,,,,,GNGLL,,A,,A,GN,
09:23:06,2024-06-17,52.2411381667,6.8588528333,,,,,GNRMC,V,A,8.507,A,GN,
09:23:06,,52.2411381667,6.8588528333,28.0,M,46.0,M,GNGGA,,,,,GN,12
09:23:06,,52.2411381667,6.8588528333,,,,,GNGLL,,A,,A,GN,
09:23:07,2024-06-17,52.2411778333,6.8588593333,,,,,GNRMC,V,A,8.695,A,GN,
09:23:07,,52.2411778333,6.8588593333,28.0,M,46.0,M,GNGGA,,,,,GN,12
09:23:07,,52.2411778333,6.8588593333,,,,,GNGLL,,A,,A,GN,
09:23:08,2024-06-17,52.2412163333,6.858865,,,,,GNRMC,V,A,8.343,A,GN,
09:23:08,,52.2412163333,6.858865,28.0,M,46.0,M,GNGGA,,,,,GN,12
09:23:08,,52.2412163333,6.858865,,,,,GNGLL,,A,,A,GN,
09:23:09,2024-06-17,52.2412558333,6.8588705,,,,,GNRMC,V,A,8.588,A,GN,
09:23:09,,52.2412558333,6.8588705,28.2,M,46.0,M,GNGGA,,,,,GN,12
09:23:09,,52.2412558333,6.8588705,,,,,GNGLL,,A,,A,GN,
09:23:10,2024-06-17,52.2412956667,6.8588765,,,,,GNRMC,V,A,8.664,A,GN,
09:23:10,,52.2412956667,6.8588765,28.3,M,46.0,M,GNGGA,,,,,GN,12
09:23:10,,52.2412956667,6.8588765,,,,,GNGLL,,A,,A,GN,
09:23:11,2024-06-17,52.2413341667,6.8588875,,,,,GNRMC,V,A,8.458,A,GN,
09:23:11,,52.2413341667,6.8588875,28.1,M,46.0,M,GNGGA,,,,,GN,12
09:23:11,,52.2413341667,6.8588875,,,,,GNGLL,,A,,A,GN,
09:23:12,2024-06-17,52.2413716667,6.8589088333,,,,,GNRMC,V,A,8.583,A,GN,
09:23:12,,52.2413716667,6.8589088333,28.2,M,46.0,M,GNGGA,,,,,GN,12
09:23:12,,52.2413716667,6.8589088333,,,,,GNGLL,,A,,A,GN,
09:23:13,2024-06-17,52.2414086667,6.8589333333,,,,,GNRMC,V,A,8.63,A,GN,
09:23:13,,52.2414086667,6.8589333333,28.2,M,46.0,M,GNGGA,,,,,GN,12
09:23:13,,52.2414086667,6.8589333333,,,,,GNGLL,,A,,A,GN,
09:23:14,2024-06-17,52.2414471667,6.8589503333,,,,,GNRMC,V,A,8.708,A,GN,
09:23:14,,52.2414471667,6.8589503333,28.2,M,46.0,M,GNGGA,,,,,GN,12
09:23:14,,52.2414471667,6.8589503333,,,,,GNGLL,,A,,A,GN,
09:23:15,2024-06-17,52.2414861667,6.858955,,,,,GNRMC,V,A,8.415,A,GN,
09:23:15,,52.2414861667,6.858955,28.2,M,46.0,M,GNGGA,,,,,GN,12
09:23:15,,52.2414861667,6.858955,,,,,GNGLL,,A,,A,GN,
09:23:16,2024-06-17,52.2415258333,6.8589558333,,,,,GNRMC,V,A,8.673,A,GN,
09:23:16,,52.2415258333,6.8589558333,28.1,M,46.0,M,GNGGA,,,,,GN,12
09:23:16,,52.2415258333,6.8589558333,,,,,GNGLL,,A,,A,GN,
09:23:17,2024-06-17,52.2415645,6.8589636667,,,,,GNRMC,V,A,8.458,A,GN,
09:23:17,,52.2415645,6.8589636667,27.9,M,46.0,M,GNGGA,,,,,GN,12
09:23:17,,52.2415645,6.8589636667,,,,,GNGLL,,A,,A,GN,
09:23:18,2024-06-17,52.241601,6.858981,,,,,GNRMC,V,A,8.237,A,GN,
09:23:18,,52.241601,6.858981,27.9,M,46.0,M,GNGGA,,,,,GN,12
09:23:18,,52.241601,6.858981,,,,,GNGLL,,A,,A,GN,
09:23:19,2024-06-17,52.2416373333,6.8590046667,,,,,GNRMC,V,A,8.619,A,GN,
09:23:19,,52.2416373333,6.8590046667,27.9,M,46.0,M,GNGGA,,,,,GN,12
09:23:19,,52.2416373333,6.8590046667,,,,,GNGLL,,A,,A,GN,
09:23:20,2024-06-17,52.2416741667,6.8590295,,,,,GNRMC,V,A,8.635,A,GN,
09:23:20,,52.2416741667,6.8590295,27.9,M,46.0,M,GNGGA,,,,,GN,12
09:23:20,,52.2416741667,6.8590295,,,,,GNGLL,,A,,A,GN,
09:23:21,2024-06-17,52.24171,6.859056,,,,,GNRMC,V,A,8.463,A,GN,
09:23:21,,52.24171,6.859056,27.7,M,46.0,M,GNGGA,,,,,GN,12
09:23:21,,52.24171,6.859056,,,,,GNGLL,,A,,A,GN,
09:23:22,2024-06-17,52.2417431667,6.8590766667,,,,,GNRMC,V,A,7.24,A,GN,
09:23:22,,52.2417431667,6.8590766667,27.3,M,46.0,M,GNGGA,,,,,GN,12
09:23:22,,52.2417431667,6.8590766667,,,,,GNGLL,,A,,A,GN,
09:23:23,2024-06-17,52.2417748333,6.8591,,,,,GNRMC,V,A,7.507,A,GN,
09:23:23,,52.2417748333,6.8591,26.1,M,46.0,M,GNGGA,,,,,GN,12
09:23:23,,52.2417748333,6.8591,,,,,GNGLL,,A,,A,GN,
09:23:24,2024-06-17,52.2418096667,6.8591241667,,,,,GNRMC,V,A,8.46,A,GN,
09:23:24,,52.2418096667,6.8591241667,25.9,M,46.0,M,GNGGA,,,,,GN,12
09:23:24,,52.2418096667,6.8591241667,,,,,GNGLL,,A,,A,GN,
09:23:25,2024-06-17,52.2418425,6.8591476667,,,,,GNRMC,V,A,7.347,A,GN,
09:23:25,,52.2418425,6.8591476667,25.5,M,46.0,M,GNGGA,,,,,GN,12
09:23:25,,52.2418425,6.8591476667,,,,,GNGLL,,A,,A,GN,
09:23:26,2024-06-17,52.24188,6.8591671667,,,,,GNRMC,V,A,8.958,A,GN,
09:23:26,,52.24188,6.8591671667,25.1,M,46.0,M,GNGGA,,,,,GN,12
09:23:26,,52.24188,6.8591671667,,,,,GNGLL,,A,,A,GN,
09:23:27,2024-06-17,52.2419188333,6.859186,,,,,GNRMC,V,A,8.612,A,GN,
09:23:27,,52.2419188333,6.859186,25.1,M,46.0,M,GNGGA,,,,,GN,12
09:23:27,,52.2419188333,6.859186,,,,,GNGLL,,A,,A,GN,
09:23:28,2024-06-17,52.2419548333,6.8592038333,,,,,GNRMC,V,A,7.852,A,GN,
09:23:28,,52.2419548333,6.8592038333,25.4,M,46.0,M,GNGGA,,,,,GN,12
09:23:28,,52.2419548333,6.8592038333,,,,,GNGLL,,A,,A,GN,
09:23:29,2024-06-17,52.2419866667,6.8592166667,,,,,GNRMC,V,A,6.907,A,GN,
09:23:29,,52.2419866667,6.8592166667,24.8,M,46.0,M,GNGGA,,,,,GN,12
09:23:29,,52.2419866667,6.8592166667,,,,,GNGLL,,A,,A,GN,
09:23:30,2024-06-17,52.2420211667,6.8592301667,,,,,GNRMC,V,A,7.757,A,GN,
09:23:30,,52.2420211667,6.8592301667,24.5,M,46.0,M,GNGGA,,,,,GN,12
09:23:30,,52.2420211667,6.8592301667,,,,,GNGLL,,A,,A,GN,
09:23:31,2024-06-17,52.2420588333,6.859242,,,,,GNRMC,V,A,8.179,A,GN,
09:23:31,,52.2420588333,6.859242,24.6,M,46.0,M,GNGGA,,,,,GN,12
09:23:31,,52.2420588333,6.859242,,,,,GNGLL,,A,,A,GN,
09:23:32,2024-06-17,52.2420895,6.8592546667,,,,,GNRMC,V,A,6.09,A,GN,
09:23:32,,52.2420895,6.8592546667,24.3,M,46.0,M,GNGGA,,,,,GN,12
09:23:32,,52.2420895,6.8592546667,,,,,GNGLL,,A,,A,GN,
09:23:33,2024-06-17,52.2421223333,6.859263,,,,,GNRMC,V,A,7.479,A,GN,
09:23:33,,52.2421223333,6.859263,24.1,M,46.0,M,GNGGA,,,,,GN,12
09:23:33,,52.2421223333,6.859263,,,,,GNGLL,,A,,A,GN,
09:23:34,2024-06-17,52.2421561667,6.859257,,,,,GNRMC,V,A,6.861,A,GN,
09:23:34,,52.2421561667,6.859257,24.3,M,46.0,M,GNGGA,,,,,GN,12
09:23:34,,52.2421561667,6.859257,,,,,GNGLL,,A,,A,GN,
09:23:35,2024-06-17,52.2421861667,6.8592268333,,,,,GNRMC,V,A,7.923,A,GN,
09:23:35,,52.2421861667,6.8592268333,24.2,M,46.0,M,GNGGA,,,,,GN,12
09:23:35,,52.2421861667,6.8592268333,,,,,GNGLL,,A,,A,GN,
09:23:36,2024-06-17,52.2422078333,6.8591815,,,,,GNRMC,V,A,7.637,A,GN,
09:23:36,,52.2422078333,6.8591815,23.5,M,46.0,M,GNGGA,,,,,GN,12
09:23:36,,52.2422078333,6.8591815,,,,,GNGLL,,A,,A,GN,
09:23:37,2024-06-17,52.2422203333,6.8591426667,,,,,GNRMC,V,A,5.295,A,GN,
09:23:37,,52.2422203333,6.8591426667,22.0,M,46.0,M,GNGGA,,,,,GN,12
09:23:37,,52.2422203333,6.8591426667,,,,,GNGLL,,A,,A,GN,
09:23:38,2024-06-17,52.2422293333,6.8590906667,,,,,GNRMC,V,A,7.581,A,GN,
09:23:38,,52.2422293333,6.8590906667,21.8,M,46.0,M,GNGGA,,,,,GN,12
09:23:38,,52.2422293333,6.8590906667,,,,,GNGLL,,A,,A,GN,
09:23:39,2024-06-17,52.242238,6.8590341667,,,,,GNRMC,V,A,7.747,A,GN,
09:23:39,,52.242238,6.8590341667,20.9,M,46.0,M,GNGGA,,,,,GN,12
09:23:39,,52.242238,6.8590341667,,,,,GNGLL,,A,,A,GN,
09:23:40,2024-06-17,52.2422503333,6.8589773333,,,,,GNRMC,V,A,7.874,A,GN,
09:23:40,,52.2422503333,6.8589773333,20.4,M,46.0,M,GNGGA,,,,,GN,12
09:23:40,,52.2422503333,6.8589773333,,,,,GNGLL,,A,,A,GN,
09:23:41,2024-06-17,52.2422615,6.8589203333,,,,,GNRMC,V,A,7.746,A,GN,
09:23:41,,52.2422615,6.8589203333,20.0,M,46.0,M,GNGGA,,,,,GN,12
09:23:41,,52.2422615,6.8589203333,,,,,GNGLL,,A,,A,GN,
09:23:42,2024-06-17,52.2422693333,6.8588643333,,,,,GNRMC,V,A,7.527,A,GN,
09:23:42,,52.2422693333,6.8588643333,19.3,M,46.0,M,GNGGA,,,,,GN,12
09:23:42,,52.2422693333,6.8588643333,,,,,GNGLL,,A,,A,GN,
09:23:43,2024-06-17,52.2422778333,6.858804,,,,,GNRMC,V,A,8.225,A,GN,
09:23:43,,52.2422778333,6.858804,18.4,M,46.0,M,GNGGA,,,,,GN,12
09:23:43,,52.2422778333,6.858804,,,,,GNGLL,,A,,A,GN,
09:23:44,2024-06-17,52.2422896667,6.8587415,,,,,GNRMC,V,A,8.403,A,GN,
09:23:44,,52.2422896667,6.8587415,18.1,M,46.0,M,GNGGA,,,,,GN,12
09:23:44,,52.2422896667,6.8587415,,,,,GNGLL,,A,,A,GN,
09:23:45,2024-06-17,52.2423013333,6.8586798333,,,,,GNRMC,V,A,8.301,A,GN,
09:23:45,,52.2423013333,6.8586798333,17.8,M,46.0,M,GNGGA,,,,,GN,12
09:23:45,,52.2423013333,6.8586798333,,,,,GNGLL,,A,,A,GN,
09:23:46,2024-06-17,52.2423105,6.8586216667,,,,,GNRMC,V,A,7.631,A,GN,
09:23:46,,52.2423105,6.8586216667,17.4,M,46.0,M,GNGGA,,,,,GN,12
09:23:46,,52.2423105,6.8586216667,,,,,GNGLL,,A,,A,GN,
09:23:47,2024-06-17,52.2423196667,6.8585603333,,,,,GNRMC,V,A,8.504,A,GN,
09:23:47,,52.2423196667,6.8585603333,16.9,M,46.0,M,GNGGA,,,,,GN,12
09:23:47,,52.2423196667,6.8585603333,,,,,GNGLL,,A,,A,GN,
09:23:48,2024-06-17,52.2423318333,6.8584985,,,,,GNRMC,V,A,8.147,A,GN,
09:23:48,,52.2423318333,6.8584985,16.9,M,46.0,M,GNGGA,,,,,GN,12
09:23:48,,52.2423318333,6.8584985,,,,,GNGLL,,A,,A,GN,
09:23:49,2024-06-17,52.2423418333,6.8584358333,,,,,GNRMC,V,A,8.606,A,GN,
09:23:49,,52.2423418333,6.8584358333,16.5,M,46.0,M,GNGGA,,,,,GN,12
09:23:49,,52.2423418333,6.8584358333,,,,,GNGLL,,A,,A,GN,
09:23:50,2024-06-17,52.2423505,6.8583733333,,,,,GNRMC,V,A,8.167,A,GN,
09:23:50,,52.2423505,6.8583733333,16.2,M,46.0,M,GNGGA,,,,,GN,12
09:23:50,,52.2423505,6.8583733333,,,,,GNGLL,,A,,A,GN,
09:23:51,2024-06-17,52.2423598333,6.8583075,,,,,GNRMC,V,A,8.767,A,GN,
09:23:51,,52.2423598333,6.8583075,16.3,M,46.0,M,GNGGA,,,,,GN,12
09:23:51,,52.2423598333,6.8583075,,,,,GNGLL,,A,,A,GN,
09:23:52,2024-06-17,52.2423706667,6.8582418333,,,,,GNRMC,V,A,8.698,A,GN,
09:23:52,,52.2423706667,6.8582418333,16.1,M,46.0,M,GNGGA,,,,,GN,12
09:23:52,,52.2423706667,6.8582418333,,,,,GNGLL,,A,,A,GN,
09:23:53,2024-06-17,52.2423805,6.8581745,,,,,GNRMC,V,A,8.805,A,GN,
09:23:53,,52.2423805,6.8581745,15.9,M,46.0,M,GNGGA,,,,,GN,12
09:23:53,,52.2423805,6.8581745,,,,,GNGLL,,A,,A,GN,
09:23:54,2024-06-17,52.2423916667,6.8581105,,,,,GNRMC,V,A,8.619,A,GN,
09:23:54,,52.2423916667,6.8581105,15.6,M,46.0,M,GNGGA,,,,,GN,12
09:23:54,,52.2423916667,6.8581105,,,,,GNGLL,,A,,A,GN,
09:23:55,2024-06-17,52.2424023333,6.8580425,,,,,GNRMC,V,A,9.02,A,GN,
09:23:55,,52.2424023333,6.8580425,15.4,M,46.0,M,GNGGA,,,,,GN,12
09:23:55,,52.2424023333,6.8580425,,,,,GNGLL,,A,,A,GN,
09:23:56,2024-06-17,52.2424141667,6.8579731667,,,,,GNRMC,V,A,9.194,A,GN,
09:23:56,,52.2424141667,6.8579731667,15.2,M,46.0,M,GNGGA,,,,,GN,12
09:23:56,,52.2424141667,6.8579731667,,,,,GNGLL,,A,,A,GN,
09:23:57,2024-06-17,52.2424266667,6.8579115,,,,,GNRMC,V,A,8.08,A,GN,
09:23:57,,52.2424266667,6.8579115,14.5,M,46.0,M,GNGGA,,,,,GN,12
09:23:57,,52.2424266667,6.8579115,,,,,GNGLL,,A,,A,GN,
09:23:58,2024-06-17,52.2424363333,6.8578443333,,,,,GNRMC,V,A,9.042,A,GN,
09:23:58,,52.2424363333,6.8578443333,14.2,M,46.0,M,GNGGA,,,,,GN,12
09:23:58,,52.2424363333,6.8578443333,,,,,GNGLL,,A,,A,GN,
09:23:59,2024-06-17,52.2424475,6.8577768333,,,,,GNRMC,V,A,8.444,A,GN,
09:23:59,,52.2424475,6.8577768333,14.4,M,46.0,M,GNGGA,,,,,GN,12
09:23:59,,52.2424475,6.8577768333,,,,,GNGLL,,A,,A,GN,
09:24:00,2024-06-17,52.2424586667,6.8577131667,,,,,GNRMC,V,A,8.52,A,GN,
09:24:00,,52.2424586667,6.8577131667,14.5,M,46.0,M,GNGGA,,,,,GN,12
09:24:00,,52.2424586667,6.8577131667,,,,,GNGLL,,A,,A,GN,
09:24:01,2024-06-17,52.2424671667,6.8576461667,,,,,GNRMC,V,A,8.899,A,GN,
09:24:01,,52.2424671667,6.8576461667,14.6,M,46.0,M,GNGGA,,,,,GN,12
09:24:01,,52.2424671667,6.8576461667,,,,,GNGLL,,A,,A,GN,
09:24:02,2024-06-17,52.2424766667,6.857583,,,,,GNRMC,V,A,8.49,A,GN,
09:24:02,,52.2424766667,6.857583,14.0,M,46.0,M,GNGGA,,,,,GN,12
09:24:02,,52.2424766667,6.857583,,,,,GNGLL,,A,,A,GN,
09:24:03,2024-06-17,52.2424895,6.8575118333,,,,,GNRMC,V,A,9.007,A,GN,
09:24:03,,52.2424895,6.8575118333,14.7,M,46.0,M,GNGGA,,,,,GN,12
09:24:03,,52.2424895,6.8575118333,,,,,GNGLL,,A,,A,GN,
09:24:04,2024-06-17,52.2424963333,6.8574413333,,,,,GNRMC,V,A,8.976,A,GN,
09:24:04,,52.2424963333,6.8574413333,14.9,M,46.0,M,GNGGA,,,,,GN,12
09:24:04,,52.2424963333,6.8574413333,,,,,GNGLL,,A,,A,GN,
09:24:05,2024-06-17,52.242499,6.8573713333,,,,,GNRMC,V,A,9.022,A,GN,
09:24:05,,52.242499,6.8573713333,15.0,M,46.0,M,GNGGA,,,,,GN,12
09:24:05,,52.242499,6.8573713333,,,,,GNGLL,,A,,A,GN,
09:24:06,2024-06-17,52.2425,6.8573025,,,,,GNRMC,V,A,8.896,A,GN,
09:24:06,,52.2425,6.8573025,14.6,M,46.0,M,GNGGA,,,,,GN,12
09:24:06,,52.2425,6.8573025,,,,,GNGLL,,A,,A,GN,
09:24:07,2024-06-17,52.2425003333,6.8572301667,,,,,GNRMC,V,A,8.977,A,GN,
09:24:07,,52.2425003333,6.8572301667,15.0,M,46.0,M,GNGGA,,,,,GN,12
09:24:07,,52.2425003333,6.8572301667,,,,,GNGLL,,A,,A,GN,
09:24:08,2024-06-17,52.242498,6.8571606667,,,,,GNRMC,V,A,8.855,A,GN,
09:24:08,,52.242498,6.8571606667,15.1,M,46.0,M,GNGGA,,,,,GN,12
09:24:08,,52.242498,6.8571606667,,,,,GNGLL,,A,,A,GN,
09:24:09,2024-06-17,52.2424943333,6.857094,,,,,GNRMC,V,A,8.574,A,GN,
09:24:09,,52.2424943333,6.857094,14.7,M,46.0,M,GNGGA,,,,,GN,12
09:24:09,,52.2424943333,6.857094,,,,,GNGLL,,A,,A,GN,
09:24:10,2024-06-17,52.2424893333,6.8570273333,,,,,GNRMC,V,A,8.316,A,GN,
09:24:10,,52.2424893333,6.8570273333,14.7,M,46.0,M,GNGGA,,,,,GN,12
09:24:10,,52.2424893333,6.8570273333,,,,,GNGLL,,A,,A,GN,
09:24:11,2024-06-17,52.2424793333,6.856966,,,,,GNRMC,V,A,8.0,A,GN,
09:24:11,,52.2424793333,6.856966,14.5,M,46.0,M,GNGGA,,,,,GN,12
09:24:11,,52.2424793333,6.856966,,,,,GNGLL,,A,,A,GN,
09:24:12,2024-06-17,52.2424603333,6.856918,,,,,GNRMC,V,A,7.054,A,GN,
09:24:12,,52.2424603333,6.856918,14.5,M,46.0,M,GNGGA,,,,,GN,12
09:24:12,,52.2424603333,6.856918,,,,,GNGLL,,A,,A,GN,
09:24:13,2024-06-17,52.2424338333,6.8568838333,,,,,GNRMC,V,A,7.439,A,GN,
09:24:13,,52.2424338333,6.8568838333,15.1,M,46.0,M,GNGGA,,,,,GN,12
09:24:13,,52.2424338333,6.8568838333,,,,,GNGLL,,A,,A,GN,
09:24:14,2024-06-17,52.2424036667,6.8568518333,,,,,GNRMC,V,A,7.901,A,GN,
09:24:14,,52.2424036667,6.8568518333,15.6,M,46.0,M,GNGGA,,,,,GN,12
09:24:14,,52.2424036667,6.8568518333,,,,,GNGLL,,A,,A,GN,
09:24:15,2024-06-17,52.2423728333,6.8568136667,,,,,GNRMC,V,A,8.268,A,GN,
09:24:15,,52.2423728333,6.8568136667,16.6,M,46.0,M,GNGGA,,,,,GN,12
09:24:15,,52.2423728333,6.8568136667,,,,,GNGLL,,A,,A,GN,
09:24:16,2024-06-17,52.2423408333,6.8567751667,,,,,GNRMC,V,A,8.548,A,GN,
09:24:16,,52.2423408333,6.8567751667,17.4,M,46.0,M,GNGGA,,,,,GN,12
09:24:16,,52.2423408333,6.8567751667,,,,,GNGLL,,A,,A,GN,
09:24:17,2024-06-17,52.2423066667,6.8567383333,,,,,GNRMC,V,A,8.644,A,GN,
09:24:17,,52.2423066667,6.8567383333,18.1,M,46.0,M,GNGGA,,,,,GN,12
09:24:17,,52.2423066667,6.8567383333,,,,,GNGLL,,A,,A,GN,
09:24:18,2024-06-17,52.242272,6.8567016667,,,,,GNRMC,V,A,8.62,A,GN,
09:24:18,,52.242272,6.8567016667,18.7,M,46.0,M,GNGGA,,,,,GN,12
09:24:18,,52.242272,6.8567016667,,,,,GNGLL,,A,,A,GN,
09:24:19,2024-06-17,52.242236,6.8566633333,,,,,GNRMC,V,A,8.88,A,GN,
09:24:19,,52.242236,6.8566633333,19.4,M,46.0,M,GNGGA,,,,,GN,12
09:24:19,,52.242236,6.8566633333,,,,,GNGLL,,A,,A,GN,
09:24:20,2024-06-17,52.2422015,6.856626,,,,,GNRMC,V,A,8.568,A,GN,
09:24:20,,52.2422015,6.856626,20.1,M,46.0,M,GNGGA,,,,,GN,12
09:24:20,,52.2422015,6.856626,,,,,GNGLL,,A,,A,GN,
09:24:21,2024-06-17,52.2421676667,6.856589,,,,,GNRMC,V,A,8.62,A,GN,
09:24:21,,52.2421676667,6.856589,20.4,M,46.0,M,GNGGA,,,,,GN,12
09:24:21,,52.2421676667,6.856589,,,,,GNGLL,,A,,A,GN,
09:24:22,2024-06-17,52.2421313333,6.8565526667,,,,,GNRMC,V,A,8.998,A,GN,
09:24:22,,52.2421313333,6.8565526667,20.6,M,46.0,M,GNGGA,,,,,GN,12
09:24:22,,52.2421313333,6.8565526667,,,,,GNGLL,,A,,A,GN,
09:24:23,2024-06-17,52.242098,6.8565161667,,,,,GNRMC,V,A,8.233,A,GN,
09:24:23,,52.242098,6.8565161667,20.7,M,46.0,M,GNGGA,,,,,GN,12
09:24:23,,52.242098,6.8565161667,,,,,GNGLL,,A,,A,GN,
09:24:24,2024-06-17,52.2420655,6.8564796667,,,,,GNRMC,V,A,8.611,A,GN,
09:24:24,,52.2420655,6.8564796667,21.6,M,46.0,M,GNGGA,,,,,GN,12
09:24:24,,52.2420655,6.8564796667,,,,,GNGLL,,A,,A,GN,
09:24:25,2024-06-17,52.2420318333,6.8564431667,,,,,GNRMC,V,A,8.66,A,GN,
09:24:25,,52.2420318333,6.8564431667,21.9,M,46.0,M,GNGGA,,,,,GN,12
09:24:25,,52.2420318333,6.8564431667,,,,,GNGLL,,A,,A,GN,
09:24:26,2024-06-17,52.241999,6.8564078333,,,,,GNRMC,V,A,8.289,A,GN,
09:24:26,,52.241999,6.8564078333,21.9,M,46.0,M,GNGGA,,,,,GN,12
09:24:26,,52.241999,6.8564078333,,,,,GNGLL,,A,,A,GN,
09:24:27,2024-06-17,52.241966,6.8563745,,,,,GNRMC,V,A,8.437,A,GN,
09:24:27,,52.241966,6.8563745,22.7,M,46.0,M,GNGGA,,,,,GN,12
09:24:27,,52.241966,6.8563745,,,,,GNGLL,,A,,A,GN,
09:24:28,2024-06-17,52.2419326667,6.8563425,,,,,GNRMC,V,A,8.316,A,GN,
09:24:28,,52.2419326667,6.8563425,22.9,M,46.0,M,GNGGA,,,,,GN,12
09:24:28,,52.2419326667,6.8563425,,,,,GNGLL,,A,,A,GN,
09:24:29,2024-06-17,52.2418998333,6.8563098333,,,,,GNRMC,V,A,8.39,A,GN,
09:24:29,,52.2418998333,6.8563098333,22.9,M,46.0,M,GNGGA,,,,,GN,12
09:24:29,,52.2418998333,6.8563098333,,,,,GNGLL,,A,,A,GN,
09:24:30,2024-06-17,52.2418666667,6.8562838333,,,,,GNRMC,V,A,7.624,A,GN,
09:24:30,,52.2418666667,6.8562838333,23.3,M,46.0,M,GNGGA,,,,,GN,12
09:24:30,,52.2418666667,6.8562838333,,,,,GNGLL,,A,,A,GN,
09:24:31,2024-06-17,52.2418343333,6.8562548333,,,,,GNRMC,V,A,8.212,A,GN,
09:24:31,,52.2418343333,6.8562548333,23.3,M,46.0,M,GNGGA,,,,,GN,12
09:24:31,,52.2418343333,6.8562548333,,,,,GNGLL,,A,,A,GN,
09:24:32,2024-06-17,52.2418013333,6.8562213333,,,,,GNRMC,V,A,8.382,A,GN,
09:24:32,,52.2418013333,6.8562213333,23.3,M,46.0,M,GNGGA,,,,,GN,12
09:24:32,,52.2418013333,6.8562213333,,,,,GNGLL,,A,,A,GN,
09:24:33,2024-06-17,52.2417686667,6.8561883333,,,,,GNRMC,V,A,8.131,A,GN,
09:24:33,,52.2417686667,6.8561883333,23.3,M,46.0,M,GNGGA,,,,,GN,12
09:24:33,,52.2417686667,6.8561883333,,,,,GNGLL,,A,,A,GN,
09:24:34,2024-06-17,52.2417351667,6.8561576667,,,,,GNRMC,V,A,8.144,A,GN,
09:24:34,,52.2417351667,6.8561576667,23.3,M,46.0,M,GNGGA,,,,,GN,12
09:24:34,,52.2417351667,6.8561576667,,,,,GNGLL,,A,,A,GN,
09:24:35,2024-06-17,52.241701,6.856131,,,,,GNRMC,V,A,7.948,A,GN,
09:24:35,,52.241701,6.856131,23.2,M,46.0,M,GNGGA,,,,,GN,12
09:24:35,,52.241701,6.856131,,,,,GNGLL,,A,,A,GN,
09:24:36,2024-06-17,52.2416655,6.856121,,,,,GNRMC,V,A,7.691,A,GN,
09:24:36,,52.2416655,6.856121,23.5,M,46.0,M,GNGGA,,,,,GN,12
09:24:36,,52.2416655,6.856121,,,,,GNGLL,,A,,A,GN,
09:24:37,2024-06-17,52.2416315,6.85613,,,,,GNRMC,V,A,7.433,A,GN,
09:24:37,,52.2416315,6.85613,23.6,M,46.0,M,GNGGA,,,,,GN,12
09:24:37,,52.2416315,6.85613,,,,,GNGLL,,A,,A,GN,
09:24:38,2024-06-17,52.2416016667,6.8561571667,,,,,GNRMC,V,A,7.647,A,GN,
09:24:38,,52.2416016667,6.8561571667,23.7,M,46.0,M,GNGGA,,,,,GN,12
09:24:38,,52.2416016667,6.8561571667,,,,,GNGLL,,A,,A,GN,
09:24:39,2024-06-17,52.2415775,6.8561975,,,,,GNRMC,V,A,7.724,A,GN,
09:24:39,,52.2415775,6.8561975,23.8,M,46.0,M,GNGGA,,,,,GN,12
09:24:39,,52.2415775,6.8561975,,,,,GNGLL,,A,,A,GN,
09:24:40,2024-06-17,52.2415575,6.8562463333,,,,,GNRMC,V,A,7.955,A,GN,
09:24:40,,52.2415575,6.8562463333,24.1,M,46.0,M,GNGGA,,,,,GN,12
09:24:40,,52.2415575,6.8562463333,,,,,GNGLL,,A,,A,GN,
09:24:41,2024-06-17,52.2415436667,6.8563035,,,,,GNRMC,V,A,8.522,A,GN,
09:24:41,,52.2415436667,6.8563035,24.3,M,46.0,M,GNGGA,,,,,GN,12
09:24:41,,52.2415436667,6.8563035,,,,,GNGLL,,A,,A,GN,
09:24:42,2024-06-17,52.2415325,6.856364,,,,,GNRMC,V,A,8.614,A,GN,
09:24:42,,52.2415325,6.856364,24.5,M,46.0,M,GNGGA,,,,,GN,12
09:24:42,,52.2415325,6.856364,,,,,GNGLL,,A,,A,GN,
09:24:43,2024-06-17,52.2415225,6.8564238333,,,,,GNRMC,V,A,8.262,A,GN,
09:24:43,,52.2415225,6.8564238333,24.6,M,46.0,M,GNGGA,,,,,GN,12
09:24:43,,52.2415225,6.8564238333,,,,,GNGLL,,A,,A,GN,
09:24:44,2024-06-17,52.2415133333,6.8564833333,,,,,GNRMC,V,A,8.338,A,GN,
09:24:44,,52.2415133333,6.8564833333,24.9,M,46.0,M,GNGGA,,,,,GN,12
09:24:44,,52.2415133333,6.8564833333,,,,,GNGLL,,A,,A,GN,
09:24:45,2024-06-17,52.2415043333,6.8565425,,,,,GNRMC,V,A,8.231,A,GN,
09:24:45,,52.2415043333,6.8565425,25.1,M,46.0,M,GNGGA,,,,,GN,12
09:24:45,,52.2415043333,6.8565425,,,,,GNGLL,,A,,A,GN,
09:24:46,2024-06-17,52.2414966667,6.8566013333,,,,,GNRMC,V,A,8.088,A,GN,
09:24:46,,52.2414966667,6.8566013333,25.2,M,46.0,M,GNGGA,,,,,GN,12
09:24:46,,52.2414966667,6.8566013333,,,,,GNGLL,,A,,A,GN,
09:24:47,2024-06-17,52.2414881667,6.8566596667,,,,,GNRMC,V,A,8.088,A,GN,
09:24:47,,52.2414881667,6.8566596667,25.4,M,46.0,M,GNGGA,,,,,GN,12
09:24:47,,52.2414881667,6.8566596667,,,,,GNGLL,,A,,A,GN,
09:24:48,2024-06-17,52.2414795,6.856718,,,,,GNRMC,V,A,8.095,A,GN,
09:24:48,,52.2414795,6.856718,25.5,M,46.0,M,GNGGA,,,,,GN,12
09:24:48,,52.2414795,6.856718,,,,,GNGLL,,A,,A,GN,
09:24:49,2024-06-17,52.2414701667,6.856776,,,,,GNRMC,V,A,8.0,A,GN,
09:24:49,,52.2414701667,6.856776,25.5,M,46.0,M,GNGGA,,,,,GN,12
09:24:49,,52.2414701667,6.856776,,,,,GNGLL,,A,,A,GN,
09:24:50,2024-06-17,52.2414586667,6.8568326667,,,,,GNRMC,V,A,7.921,A,GN,
09:24:50,,52.2414586667,6.8568326667,25.7,M,46.0,M,GNGGA,,,,,GN,12
09:24:50,,52.2414586667,6.8568326667,,,,,GNGLL,,A,,A,GN,
09:24:51,2024-06-17,52.2414471667,6.856889,,,,,GNRMC,V,A,7.98,A,GN,
09:24:51,,52.2414471667,6.856889,25.7,M,46.0,M,GNGGA,,,,,GN,12
09:24:51,,52.2414471667,6.856889,,,,,GNGLL,,A,,A,GN,
09:24:52,2024-06-17,52.2414356667,6.8569456667,,,,,GNRMC,V,A,7.98,A,GN,
09:24:52,,52.2414356667,6.8569456667,25.6,M,46.0,M,GNGGA,,,,,GN,12
09:24:52,,52.2414356667,6.8569456667,,,,,GNGLL,,A,,A,GN,
09:24:53,2024-06-17,52.2414233333,6.8570036667,,,,,GNRMC,V,A,8.237,A,GN,
09:24:53,,52.2414233333,6.8570036667,25.6,M,46.0,M,GNGGA,,,,,GN,12
09:24:53,,52.2414233333,6.8570036667,,,,,GNGLL,,A,,A,GN,
09:24:54,2024-06-17,52.2414098333,6.8570625,,,,,GNRMC,V,A,8.397,A,GN,
09:24:54,,52.2414098333,6.8570625,25.7,M,46.0,M,GNGGA,,,,,GN,12
09:24:54,,52.2414098333,6.8570625,,,,,GNGLL,,A,,A,GN,
09:24:55,2024-06-17,52.2413966667,6.857121,,,,,GNRMC,V,A,8.264,A,GN,
09:24:55,,52.2413966667,6.857121,25.6,M,46.0,M,GNGGA,,,,,GN,12
09:24:55,,52.2413966667,6.857121,,,,,GNGLL,,A,,A,GN,
09:24:56,2024-06-17,52.2413831667,6.8571796667,,,,,GNRMC,V,A,8.429,A,GN,
09:24:56,,52.2413831667,6.8571796667,25.6,M,46.0,M,GNGGA,,,,,GN,12
09:24:56,,52.2413831667,6.8571796667,,,,,GNGLL,,A,,A,GN,
09:24:57,2024-06-17,52.2413696667,6.857239,,,,,GNRMC,V,A,8.391,A,GN,
09:24:57,,52.2413696667,6.857239,25.7,M,46.0,M,GNGGA,,,,,GN,12
09:24:57,,52.2413696667,6.857239,,,,,GNGLL,,A,,A,GN,
09:24:58,2024-06-17,52.2413561667,6.857298,,,,,GNRMC,V,A,8.377,A,GN,
09:24:58,,52.2413561667,6.857298,25.7,M,46.0,M,GNGGA,,,,,GN,12
09:24:58,,52.2413561667,6.857298,,,,,GNGLL,,A,,A,GN,
09:24:59,2024-06-17,52.2413416667,6.8573578333,,,,,GNRMC,V,A,8.605,A,GN,
09:24:59,,52.2413416667,6.8573578333,25.8,M,46.0,M,GNGGA,,,,,GN,12
09:24:59,,52.2413416667,6.8573578333,,,,,GNGLL,,A,,A,GN,
09:25:00,2024-06-17,52.2413265,6.8574175,,,,,GNRMC,V,A,8.545,A,GN,
09:25:00,,52.2413265,6.8574175,25.8,M,46.0,M,GNGGA,,,,,GN,12
09:25:00,,52.2413265,6.8574175,,,,,GNGLL,,A,,A,GN,
09:25:01,2024-06-17,52.2413076667,6.8574758333,,,,,GNRMC,V,A,8.914,A,GN,
09:25:01,,52.2413076667,6.8574758333,25.5,M,46.0,M,GNGGA,,,,,GN,12
09:25:01,,52.2413076667,6.8574758333,,,,,GNGLL,,A,,A,GN,
09:25:02,2024-06-17,52.2412898333,6.8575346667,,,,,GNRMC,V,A,8.569,A,GN,
09:25:02,,52.2412898333,6.8575346667,25.6,M,46.0,M,GNGGA,,,,,GN,12
09:25:02,,52.2412898333,6.8575346667,,,,,GNGLL,,A,,A,GN,
09:25:03,2024-06-17,52.2412741667,6.8575933333,,,,,GNRMC,V,A,8.452,A,GN,
09:25:03,,52.2412741667,6.8575933333,25.8,M,46.0,M,GNGGA,,,,,GN,12
09:25:03,,52.2412741667,6.8575933333,,,,,GNGLL,,A,,A,GN,
09:25:04,2024-06-17,52.2412576667,6.8576515,,,,,GNRMC,V,A,8.478,A,GN,
09:25:04,,52.2412576667,6.8576515,25.9,M,46.0,M,GNGGA,,,,,GN,12
09:25:04,,52.2412576667,6.8576515,,,,,GNGLL,,A,,A,GN,
09:25:05,2024-06-17,52.2412411667,6.8577088333,,,,,GNRMC,V,A,8.361,A,GN,
09:25:05,,52.2412411667,6.8577088333,26.0,M,46.0,M,GNGGA,,,,,GN,12
09:25:05,,52.2412411667,6.8577088333,,,,,GNGLL,,A,,A,GN,
09:25:06,2024-06-17,52.2412236667,6.8577665,,,,,GNRMC,V,A,8.438,A,GN,
09:25:06,,52.2412236667,6.8577665,26.0,M,46.0,M,GNGGA,,,,,GN,12
09:25:06,,52.2412236667,6.8577665,,,,,GNGLL,,A,,A,GN,
09:25:07,2024-06-17,52.2412053333,6.8578248333,,,,,GNRMC,V,A,8.675,A,GN,
09:25:07,,52.2412053333,6.8578248333,26.3,M,46.0,M,GNGGA,,,,,GN,12
09:25:07,,52.2412053333,6.8578248333,,,,,GNGLL,,A,,A,GN,
09:25:08,2024-06-17,52.2411873333,6.857883,,,,,GNRMC,V,A,8.573,A,GN,
09:25:08,,52.2411873333,6.857883,26.5,M,46.0,M,GNGGA,,,,,GN,12
09:25:08,,52.2411873333,6.857883,,,,,GNGLL,,A,,A,GN,
09:25:09,2024-06-17,52.2411698333,6.8579405,,,,,GNRMC,V,A,8.516,A,GN,
09:25:09,,52.2411698333,6.8579405,26.5,M,46.0,M,GNGGA,,,,,GN,12
09:25:09,,52.2411698333,6.8579405,,,,,GNGLL,,A,,A,GN,
09:25:10,2024-06-17,52.2411528333,6.8579985,,,,,GNRMC,V,A,8.456,A,GN,
09:25:10,,52.2411528333,6.8579985,26.6,M,46.0,M,GNGGA,,,,,GN,12
09:25:10,,52.2411528333,6.8579985,,,,,GNGLL,,A,,A,GN,
09:25:11,2024-06-17,52.2411366667,6.8580545,,,,,GNRMC,V,A,8.113,A,GN,
09:25:11,,52.2411366667,6.8580545,26.4,M,46.0,M,GNGGA,,,,,GN,12
09:25:11,,52.2411366667,6.8580545,,,,,GNGLL,,A,,A,GN,
09:25:12,2024-06-17,52.2411203333,6.85811,,,,,GNRMC,V,A,8.131,A,GN,
09:25:12,,52.2411203333,6.85811,26.4,M,46.0,M,GNGGA,,,,,GN,12
09:25:12,,52.2411203333,6.85811,,,,,GNGLL,,A,,A,GN,
09:25:13,2024-06-17,52.2411026667,6.858165,,,,,GNRMC,V,A,8.213,A,GN,
09:25:13,,52.2411026667,6.858165,26.4,M,46.0,M,GNGGA,,,,,GN,12
09:25:13,,52.2411026667,6.858165,,,,,GNGLL,,A,,A,GN,
09:25:14,2024-06-17,52.2410871667,6.8582203333,,,,,GNRMC,V,A,8.011,A,GN,
09:25:14,,52.2410871667,6.8582203333,26.3,M,46.0,M,GNGGA,,,,,GN,12
09:25:14,,52.2410871667,6.8582203333,,,,,GNGLL,,A,,A,GN,
09:25:15,2024-06-17,52.241072,6.8582763333,,,,,GNRMC,V,A,8.102,A,GN,
09:25:15,,52.241072,6.8582763333,26.3,M,46.0,M,GNGGA,,,,,GN,12
09:25:15,,52.241072,6.8582763333,,,,,GNGLL,,A,,A,GN,
09:25:16,2024-06-17,52.2410575,6.8583325,,,,,GNRMC,V,A,8.103,A,GN,
09:25:16,,52.2410575,6.8583325,26.3,M,46.0,M,GNGGA,,,,,GN,12
09:25:16,,52.2410575,6.8583325,,,,,GNGLL,,A,,A,GN,
09:25:17,2024-06-17,52.2410423333,6.858395,,,,,GNRMC,V,A,9.23,A,GN,
09:25:17,,52.2410423333,6.858395,26.3,M,46.0,M,GNGGA,,,,,GN,12
09:25:17,,52.2410423333,6.858395,,,,,GNGLL,,A,,A,GN,
09:25:18,2024-06-17,52.2410261667,6.8584615,,,,,GNRMC,V,A,9.512,A,GN,
09:25:18,,52.2410261667,6.8584615,26.2,M,46.0,M,GNGGA,,,,,GN,12
09:25:18,,52.2410261667,6.8584615,,,,,GNGLL,,A,,A,GN,
09:25:19,2024-06-17,52.2410148333,6.858534,,,,,GNRMC,V,A,9.854,A,GN,
09:25:19,,52.2410148333,6.858534,26.4,M,46.0,M,GNGGA,,,,,GN,12
09:25:19,,52.2410148333,6.858534,,,,,GNGLL,,A,,A,GN,
09:25:20,2024-06-17,52.2410136667,6.8586083333,,,,,GNRMC,V,A,9.674,A,GN,
09:25:20,,52.2410136667,6.8586083333,26.9,M,46.0,M,GNGGA,,,,,GN,12
09:25:20,,52.2410136667,6.8586083333,,,,,GNGLL,,A,,A,GN,
09:25:21,2024-06-17,52.2410228333,6.85868,,,,,GNRMC,V,A,9.706,A,GN,
09:25:21,,52.2410228333,6.85868,27.0,M,46.0,M,GNGGA,,,,,GN,12
09:25:21,,52.2410228333,6.85868,,,,,GNGLL,,A,,A,GN,
09:25:22,2024-06-17,52.2410433333,6.8587451667,,,,,GNRMC,V,A,9.659,A,GN,
09:25:22,,52.2410433333,6.8587451667,27.1,M,46.0,M,GNGGA,,,,,GN,12
09:25:22,,52.2410433333,6.8587451667,,,,,GNGLL,,A,,A,GN,
09:25:23,2024-06-17,52.2410736667,6.8587968333,,,,,GNRMC,V,A,9.414,A,GN,
09:25:23,,52.2410736667,6.8587968333,27.4,M,46.0,M,GNGGA,,,,,GN,12
09:25:23,,52.2410736667,6.8587968333,,,,,GNGLL,,A,,A,GN,
09:25:24,2024-06-17,52.2411113333,6.8588306667,,,,,GNRMC,V,A,9.396,A,GN,
09:25:24,,52.2411113333,6.8588306667,27.5,M,46.0,M,GNGGA,,,,,GN,12
09:25:24,,52.2411113333,6.8588306667,,,,,GNGLL,,A,,A,GN,
09:25:25,2024-06-17,52.241152,6.8588476667,,,,,GNRMC,V,A,9.023,A,GN,
09:25:25,,52.241152,6.8588476667,28.0,M,46.0,M,GNGGA,,,,,GN,12
09:25:25,,52.241152,6.8588476667,,,,,GNGLL,,A,,A,GN,
09:25:26,2024-06-17,52.2411956667,6.8588561667,,,,,GNRMC,V,A,9.825,A,GN,
09:25:26,,52.2411956667,6.8588561667,28.1,M,46.0,M,GNGGA,,,,,GN,12
09:25:26,,52.2411956667,6.8588561667,,,,,GNGLL,,A,,A,GN,
09:25:27,2024-06-17,52.2412405,6.8588578333,,,,,GNRMC,V,A,9.72,A,GN,
09:25:27,,52.2412405,6.8588578333,28.2,M,46.0,M,GNGGA,,,,,GN,12
09:25:27,,52.2412405,6.8588578333,,,,,GNGLL,,A,,A,GN,
09:25:28,2024-06-17,52.2412851667,6.8588596667,,,,,GNRMC,V,A,9.741,A,GN,
09:25:28,,52.2412851667,6.8588596667,28.2,M,46.0,M,GNGGA,,,,,GN,12
09:25:28,,52.2412851667,6.8588596667,,,,,GNGLL,,A,,A,GN,
09:25:29,2024-06-17,52.2413283333,6.85887,,,,,GNRMC,V,A,9.334,A,GN,
09:25:29,,52.2413283333,6.85887,28.3,M,46.0,M,GNGGA,,,,,GN,12
09:25:29,,52.2413283333,6.85887,,,,,GNGLL,,A,,A,GN,
09:25:30,2024-06-17,52.2413701667,6.8588913333,,,,,GNRMC,V,A,9.512,A,GN,
09:25:30,,52.2413701667,6.8588913333,28.2,M,46.0,M,GNGGA,,,,,GN,12
09:25:30,,52.2413701667,6.8588913333,,,,,GNGLL,,A,,A,GN,
09:25:31,2024-06-17,52.2414106667,6.8589161667,,,,,GNRMC,V,A,9.296,A,GN,
09:25:31,,52.2414106667,6.8589161667,28.1,M,46.0,M,GNGGA,,,,,GN,12
09:25:31,,52.2414106667,6.8589161667,,,,,GNGLL,,A,,A,GN,
09:25:32,2024-06-17,52.241451,6.8589343333,,,,,GNRMC,V,A,8.883,A,GN,
09:25:32,,52.241451,6.8589343333,28.4,M,46.0,M,GNGGA,,,,,GN,12
09:25:32,,52.241451,6.8589343333,,,,,GNGLL,,A,,A,GN,
09:25:33,2024-06-17,52.2414925,6.8589398333,,,,,GNRMC,V,A,9.143,A,GN,
09:25:33,,52.2414925,6.8589398333,28.5,M,46.0,M,GNGGA,,,,,GN,12
09:25:33,,52.2414925,6.8589398333,,,,,GNGLL,,A,,A,GN,
09:25:34,2024-06-17,52.2415355,6.8589415,,,,,GNRMC,V,A,9.392,A,GN,
09:25:34,,52.2415355,6.8589415,28.5,M,46.0,M,GNGGA,,,,,GN,12
09:25:34,,52.2415355,6.8589415,,,,,GNGLL,,A,,A,GN,
09:25:35,2024-06-17,52.2415778333,6.8589516667,,,,,GNRMC,V,A,9.282,A,GN,
09:25:35,,52.2415778333,6.8589516667,28.4,M,46.0,M,GNGGA,,,,,GN,12
09:25:35,,52.2415778333,6.8589516667,,,,,GNGLL,,A,,A,GN,
09:25:36,2024-06-17,52.241619,6.8589711667,,,,,GNRMC,V,A,9.393,A,GN,
09:25:36,,52.241619,6.8589711667,28.4,M,46.0,M,GNGGA,,,,,GN,12
09:25:36,,52.241619,6.8589711667,,,,,GNGLL,,A,,A,GN,
09:25:37,2024-06-17,52.241655,6.858993,,,,,GNRMC,V,A,7.934,A,GN,
09:25:37,,52.241655,6.858993,28.3,M,46.0,M,GNGGA,,,,,GN,12
09:25:37,,52.241655,6.858993,,,,,GNGLL,,A,,A,GN,
09:25:38,2024-06-17,52.2416916667,6.8590196667,,,,,GNRMC,V,A,9.026,A,GN,
09:25:38,,52.2416916667,6.8590196667,28.1,M,46.0,M,GNGGA,,,,,GN,12
09:25:38,,52.2416916667,6.8590196667,,,,,GNGLL,,A,,A,GN,
09:25:39,2024-06-17,52.2417301667,6.8590488333,,,,,GNRMC,V,A,9.212,A,GN,
09:25:39,,52.2417301667,6.8590488333,28.1,M,46.0,M,GNGGA,,,,,GN,12
09:25:39,,52.2417301667,6.8590488333,,,,,GNGLL,,A,,A,GN,
09:25:40,2024-06-17,52.2417698333,6.8590736667,,,,,GNRMC,V,A,9.099,A,GN,
09:25:40,,52.2417698333,6.8590736667,27.9,M,46.0,M,GNGGA,,,,,GN,12
09:25:40,,52.2417698333,6.8590736667,,,,,GNGLL,,A,,A,GN,
09:25:41,2024-06-17,52.2418056667,6.8590976667,,,,,GNRMC,V,A,8.05,A,GN,
09:25:41,,52.2418056667,6.8590976667,27.5,M,46.0,M,GNGGA,,,,,GN,12
09:25:41,,52.2418056667,6.8590976667,,,,,GNGLL,,A,,A,GN,
09:25:42,2024-06-17,52.2418408333,6.8591171667,,,,,GNRMC,V,A,8.041,A,GN,
09:25:42,,52.2418408333,6.8591171667,26.9,M,46.0,M,GNGGA,,,,,GN,12
09:25:42,,52.2418408333,6.8591171667,,,,,GNGLL,,A,,A,GN,
09:25:43,2024-06-17,52.241876,6.8591378333,,,,,GNRMC,V,A,7.999,A,GN,
09:25:43,,52.241876,6.8591378333,26.5,M,46.0,M,GNGGA,,,,,GN,12
09:25:43,,52.241876,6.8591378333,,,,,GNGLL,,A,,A,GN,
09:25:44,2024-06-17,52.2419138333,6.8591585,,,,,GNRMC,V,A,8.84,A,GN,
09:25:44,,52.2419138333,6.8591585,26.0,M,46.0,M,GNGGA,,,,,GN,12
09:25:44,,52.2419138333,6.8591585,,,,,GNGLL,,A,,A,GN,
09:25:45,2024-06-17,52.2419523333,6.8591785,,,,,GNRMC,V,A,8.352,A,GN,
09:25:45,,52.2419523333,6.8591785,26.0,M,46.0,M,GNGGA,,,,,GN,12
09:25:45,,52.2419523333,6.8591785,,,,,GNGLL,,A,,A,GN,
09:25:46,2024-06-17,52.2419905,6.8591951667,,,,,GNRMC,V,A,8.387,A,GN,
09:25:46,,52.2419905,6.8591951667,26.4,M,46.0,M,GNGGA,,,,,GN,12
09:25:46,,52.2419905,6.8591951667,,,,,GNGLL,,A,,A,GN,
09:25:47,2024-06-17,52.242027,6.8592106667,,,,,GNRMC,V,A,7.942,A,GN,
09:25:47,,52.242027,6.8592106667,25.9,M,46.0,M,GNGGA,,,,,GN,12
09:25:47,,52.242027,6.8592106667,,,,,GNGLL,,A,,A,GN,
09:25:48,2024-06-17,52.2420631667,6.859227,,,,,GNRMC,V,A,7.909,A,GN,
09:25:48,,52.2420631667,6.859227,25.7,M,46.0,M,GNGGA,,,,,GN,12
09:25:48,,52.2420631667,6.859227,,,,,GNGLL,,A,,A,GN,
09:25:49,2024-06-17,52.2421015,6.8592415,,,,,GNRMC,V,A,8.599,A,GN,
09:25:49,,52.2421015,6.8592415,25.4,M,46.0,M,GNGGA,,,,,GN,12
09:25:49,,52.2421015,6.8592415,,,,,GNGLL,,A,,A,GN,
09:25:50,2024-06-17,52.242139,6.8592496667,,,,,GNRMC,V,A,7.774,A,GN,
09:25:50,,52.242139,6.8592496667,25.0,M,46.0,M,GNGGA,,,,,GN,12
09:25:50,,52.242139,6.8592496667,,,,,GNGLL,,A,,A,GN,
09:25:51,2024-06-17,52.2421775,6.8592388333,,,,,GNRMC,V,A,8.669,A,GN,
09:25:51,,52.2421775,6.8592388333,24.8,M,46.0,M,GNGGA,,,,,GN,12
09:25:51,,52.2421775,6.8592388333,,,,,GNGLL,,A,,A,GN,
09:25:52,2024-06-17,52.2422106667,6.8592075,,,,,GNRMC,V,A,8.182,A,GN,
09:25:52,,52.2422106667,6.8592075,24.4,M,46.0,M,GNGGA,,,,,GN,12
09:25:52,,52.2422106667,6.8592075,,,,,GNGLL,,A,,A,GN,
09:25:53,2024-06-17,52.2422351667,6.8591636667,,,,,GNRMC,V,A,7.794,A,GN,
09:25:53,,52.2422351667,6.8591636667,23.7,M,46.0,M,GNGGA,,,,,GN,12
09:25:53,,52.2422351667,6.8591636667,,,,,GNGLL,,A,,A,GN,
09:25:54,2024-06-17,52.2422486667,6.8591075,,,,,GNRMC,V,A,8.145,A,GN,
09:25:54,,52.2422486667,6.8591075,23.4,M,46.0,M,GNGGA,,,,,GN,12
09:25:54,,52.2422486667,6.8591075,,,,,GNGLL,,A,,A,GN,
09:25:55,2024-06-17,52.2422578333,6.859048,,,,,GNRMC,V,A,8.093,A,GN,
09:25:55,,52.2422578333,6.859048,22.7,M,46.0,M,GNGGA,,,,,GN,12
09:25:55,,52.2422578333,6.859048,,,,,GNGLL,,A,,A,GN,
09:25:56,2024-06-17,52.2422711667,6.8589893333,,,,,GNRMC,V,A,8.21,A,GN,
09:25:56,,52.2422711667,6.8589893333,22.1,M,46.0,M,GNGGA,,,,,GN,12
09:25:56,,52.2422711667,6.8589893333,,,,,GNGLL,,A,,A,GN,
09:25:57,2024-06-17,52.242284,6.8589313333,,,,,GNRMC,V,A,7.987,A,GN,
09:25:57,,52.242284,6.8589313333,21.5,M,46.0,M,GNGGA,,,,,GN,12
09:25:57,,52.242284,6.8589313333,,,,,GNGLL,,A,,A,GN,
09:25:58,2024-06-17,52.2422955,6.8588696667,,,,,GNRMC,V,A,8.499,A,GN,
09:25:58,,52.2422955,6.8588696667,21.1,M,46.0,M,GNGGA,,,,,GN,12
09:25:58,,52.2422955,6.8588696667,,,,,GNGLL,,A,,A,GN,
09:25:59,2024-06-17,52.2423055,6.8588073333,,,,,GNRMC,V,A,8.503,A,GN,
09:25:59,,52.2423055,6.8588073333,20.4,M,46.0,M,GNGGA,,,,,GN,12
09:25:59,,52.2423055,6.8588073333,,,,,GNGLL,,A,,A,GN,
09:26:00,2024-06-17,52.242317,6.858745,,,,,GNRMC,V,A,8.5,A,GN,
09:26:00,,52.242317,6.858745,19.7,M,46.0,M,GNGGA,,,,,GN,12
09:26:00,,52.242317,6.858745,,,,,GNGLL,,A,,A,GN,
09:26:01,2024-06-17,52.242328,6.8586828333,,,,,GNRMC,V,A,8.273,A,GN,
09:26:01,,52.242328,6.8586828333,19.8,M,46.0,M,GNGGA,,,,,GN,12
09:26:01,,52.242328,6.8586828333,,,,,GNGLL,,A,,A,GN,
09:26:02,2024-06-17,52.2423351667,6.8586233333,,,,,GNRMC,V,A,7.861,A,GN,
09:26:02,,52.2423351667,6.8586233333,18.8,M,46.0,M,GNGGA,,,,,GN,12
09:26:02,,52.2423351667,6.8586233333,,,,,GNGLL,,A,,A,GN,
09:26:03,2024-06-17,52.2423458333,6.8585611667,,,,,GNRMC,V,A,8.563,A,GN,
09:26:03,,52.2423458333,6.8585611667,18.4,M,46.0,M,GNGGA,,,,,GN,12
09:26:03,,52.2423458333,6.8585611667,,,,,GNGLL,,A,,A,GN,
09:26:04,2024-06-17,52.2423563333,6.8584931667,,,,,GNRMC,V,A,9.11,A,GN,
09:26:04,,52.2423563333,6.8584931667,18.2,M,46.0,M,GNGGA,,,,,GN,12
09:26:04,,52.2423563333,6.8584931667,,,,,GNGLL,,A,,A,GN,
09:26:05,2024-06-17,52.242368,6.8584261667,,,,,GNRMC,V,A,9.131,A,GN,
09:26:05,,52.242368,6.8584261667,17.8,M,46.0,M,GNGGA,,,,,GN,12
09:26:05,,52.242368,6.8584261667,,,,,GNGLL,,A,,A,GN,
09:26:06,2024-06-17,52.2423778333,6.8583588333,,,,,GNRMC,V,A,8.878,A,GN,
09:26:06,,52.2423778333,6.8583588333,17.4,M,46.0,M,GNGGA,,,,,GN,12
09:26:06,,52.2423778333,6.8583588333,,,,,GNGLL,,A,,A,GN,
09:26:07,2024-06-17,52.2423863333,6.858292,,,,,GNRMC,V,A,8.983,A,GN,
09:26:07,,52.2423863333,6.858292,17.1,M,46.0,M,GNGGA,,,,,GN,12
09:26:07,,52.2423863333,6.858292,,,,,GNGLL,,A,,A,GN,
09:26:08,2024-06-17,52.242392,6.8582238333,,,,,GNRMC,V,A,9.0,A,GN,
09:26:08,,52.242392,6.8582238333,16.5,M,46.0,M,GNGGA,,,,,GN,12
09:26:08,,52.242392,6.8582238333,,,,,GNGLL,,A,,A,GN,
09:26:09,2024-06-17,52.2424021667,6.8581563333,,,,,GNRMC,V,A,9.108,A,GN,
09:26:09,,52.2424021667,6.8581563333,16.1,M,46.0,M,GNGGA,,,,,GN,12
09:26:09,,52.2424021667,6.8581563333,,,,,GNGLL,,A,,A,GN,
09:26:10,2024-06-17,52.2424135,6.8580931667,,,,,GNRMC,V,A,8.533,A,GN,
09:26:10,,52.2424135,6.8580931667,15.4,M,46.0,M,GNGGA,,,,,GN,12
09:26:10,,52.2424135,6.8580931667,,,,,GNGLL,,A,,A,GN,
09:26:11,2024-06-17,52.2424265,6.8580303333,,,,,GNRMC,V,A,8.644,A,GN,
09:26:11,,52.2424265,6.8580303333,14.9,M,46.0,M,GNGGA,,,,,GN,12
09:26:11,,52.2424265,6.8580303333,,,,,GNGLL,,A,,A,GN,
09:26:12,2024-06-17,52.2424371667,6.8579621667,,,,,GNRMC,V,A,9.156,A,GN,
09:26:12,,52.2424371667,6.8579621667,14.8,M,46.0,M,GNGGA,,,,,GN,12
09:26:12,,52.2424371667,6.8579621667,,,,,GNGLL,,A,,A,GN,
09:26:13,2024-06-17,52.2424443333,6.857892,,,,,GNRMC,V,A,9.06,A,GN,
09:26:13,,52.2424443333,6.857892,14.8,M,46.0,M,GNGGA,,,,,GN,12
09:26:13,,52.2424443333,6.857892,,,,,GNGLL,,A,,A,GN,
09:26:14,2024-06-17,52.2424531667,6.8578226667,,,,,GNRMC,V,A,9.015,A,GN,
09:26:14,,52.2424531667,6.8578226667,14.9,M,46.0,M,GNGGA,,,,,GN,12
09:26:14,,52.2424531667,6.8578226667,,,,,GNGLL,,A,,A,GN,
09:26:15,2024-06-17,52.2424626667,6.8577528333,,,,,GNRMC,V,A,8.911,A,GN,
09:26:15,,52.2424626667,6.8577528333,14.7,M,46.0,M,GNGGA,,,,,GN,12
09:26:15,,52.2424626667,6.8577528333,,,,,GNGLL,,A,,A,GN,
09:26:16,2024-06-17,52.2424741667,6.8576845,,,,,GNRMC,V,A,8.996,A,GN,
09:26:16,,52.2424741667,6.8576845,15.0,M,46.0,M,GNGGA,,,,,GN,12
09:26:16,,52.2424741667,6.8576845,,,,,GNGLL,,A,,A,GN,
09:26:17,2024-06-17,52.2424855,6.8576181667,,,,,GNRMC,V,A,9.05,A,GN,
09:26:17,,52.2424855,6.8576181667,14.6,M,46.0,M,GNGGA,,,,,GN,12
09:26:17,,52.2424855,6.8576181667,,,,,GNGLL,,A,,A,GN,
09:26:18,2024-06-17,52.2424986667,6.8575526667,,,,,GNRMC,V,A,8.551,A,GN,
09:26:18,,52.2424986667,6.8575526667,14.7,M,46.0,M,GNGGA,,,,,GN,12
09:26:18,,52.2424986667,6.8575526667,,,,,GNGLL,,A,,A,GN,
09:26:19,2024-06-17,52.2425128333,6.8574896667,,,,,GNRMC,V,A,8.258,A,GN,
09:26:19,,52.2425128333,6.8574896667,14.9,M,46.0,M,GNGGA,,,,,GN,12
09:26:19,,52.2425128333,6.8574896667,,,,,GNGLL,,A,,A,GN,
09:26:20,2024-06-17,52.2425245,6.8574251667,,,,,GNRMC,V,A,8.86,A,GN,
09:26:20,,52.2425245,6.8574251667,14.5,M,46.0,M,GNGGA,,,,,GN,12
09:26:20,,52.2425245,6.8574251667,,,,,GNGLL,,A,,A,GN,
09:26:21,2024-06-17,52.2425343333,6.8573621667,,,,,GNRMC,V,A,8.228,A,GN,
09:26:21,,52.2425343333,6.8573621667,13.9,M,46.0,M,GNGGA,,,,,GN,12
09:26:21,,52.2425343333,6.8573621667,,,,,GNGLL,,A,,A,GN,
09:26:22,2024-06-17,52.2425418333,6.8572946667,,,,,GNRMC,V,A,8.777,A,GN,
09:26:22,,52.2425418333,6.8572946667,13.8,M,46.0,M,GNGGA,,,,,GN,12
09:26:22,,52.2425418333,6.8572946667,,,,,GNGLL,,A,,A,GN,
09:26:23,2024-06-17,52.2425483333,6.8572225,,,,,GNRMC,V,A,8.745,A,GN,
09:26:23,,52.2425483333,6.8572225,14.5,M,46.0,M,GNGGA,,,,,GN,12
09:26:23,,52.2425483333,6.8572225,,,,,GNGLL,,A,,A,GN,
09:26:24,2024-06-17,52.242548,6.8571553333,,,,,GNRMC,V,A,8.595,A,GN,
09:26:24,,52.242548,6.8571553333,14.3,M,46.0,M,GNGGA,,,,,GN,12
09:26:24,,52.242548,6.8571553333,,,,,GNGLL,,A,,A,GN,
09:26:25,2024-06-17,52.2425425,6.8570903333,,,,,GNRMC,V,A,8.383,A,GN,
09:26:25,,52.2425425,6.8570903333,14.2,M,46.0,M,GNGGA,,,,,GN,12
09:26:25,,52.2425425,6.8570903333,,,,,GNGLL,,A,,A,GN,
09:26:26,2024-06-17,52.2425313333,6.8570295,,,,,GNRMC,V,A,7.957,A,GN,
09:26:26,,52.2425313333,6.8570295,14.1,M,46.0,M,GNGGA,,,,,GN,12
09:26:26,,52.2425313333,6.8570295,,,,,GNGLL,,A,,A,GN,
09:26:27,2024-06-17,52.2425146667,6.8569726667,,,,,GNRMC,V,A,8.111,A,GN,
09:26:27,,52.2425146667,6.8569726667,14.2,M,46.0,M,GNGGA,,,,,GN,12
09:26:27,,52.2425146667,6.8569726667,,,,,GNGLL,,A,,A,GN,
09:26:28,2024-06-17,52.2424875,6.8569251667,,,,,GNRMC,V,A,8.836,A,GN,
09:26:28,,52.2424875,6.8569251667,14.3,M,46.0,M,GNGGA,,,,,GN,12
09:26:28,,52.2424875,6.8569251667,,,,,GNGLL,,A,,A,GN,
09:26:29,2024-06-17,52.2424523333,6.856887,,,,,GNRMC,V,A,8.716,A,GN,
09:26:29,,52.2424523333,6.856887,14.9,M,46.0,M,GNGGA,,,,,GN,12
09:26:29,,52.2424523333,6.856887,,,,,GNGLL,,A,,A,GN,
09:26:30,2024-06-17,52.2424163333,6.8568498333,,,,,GNRMC,V,A,9.218,A,GN,
09:26:30,,52.2424163333,6.8568498333,15.1,M,46.0,M,GNGGA,,,,,GN,12
09:26:30,,52.2424163333,6.8568498333,,,,,GNGLL,,A,,A,GN,
09:26:31,2024-06-17,52.2423791667,6.8568053333,,,,,GNRMC,V,A,9.324,A,GN,
09:26:31,,52.2423791667,6.8568053333,16.3,M,46.0,M,GNGGA,,,,,GN,12
09:26:31,,52.2423791667,6.8568053333,,,,,GNGLL,,A,,A,GN,
09:26:32,2024-06-17,52.2423431667,6.8567633333,,,,,GNRMC,V,A,9.188,A,GN,
09:26:32,,52.2423431667,6.8567633333,17.3,M,46.0,M,GNGGA,,,,,GN,12
09:26:32,,52.2423431667,6.8567633333,,,,,GNGLL,,A,,A,GN,
09:26:33,2024-06-17,52.2423038333,6.8567258333,,,,,GNRMC,V,A,9.389,A,GN,
09:26:33,,52.2423038333,6.8567258333,18.0,M,46.0,M,GNGGA,,,,,GN,12
09:26:33,,52.2423038333,6.8567258333,,,,,GNGLL,,A,,A,GN,
09:26:34,2024-06-17,52.2422651667,6.856688,,,,,GNRMC,V,A,9.373,A,GN,
09:26:34,,52.2422651667,6.856688,18.5,M,46.0,M,GNGGA,,,,,GN,12
09:26:34,,52.2422651667,6.856688,,,,,GNGLL,,A,,A,GN,
09:26:35,2024-06-17,52.2422273333,6.8566483333,,,,,GNRMC,V,A,9.209,A,GN,
09:26:35,,52.2422273333,6.8566483333,19.0,M,46.0,M,GNGGA,,,,,GN,12
09:26:35,,52.2422273333,6.8566483333,,,,,GNGLL,,A,,A,GN,
09:26:36,2024-06-17,52.2421918333,6.8566085,,,,,GNRMC,V,A,9.053,A,GN,
09:26:36,,52.2421918333,6.8566085,19.4,M,46.0,M,GNGGA,,,,,GN,12
09:26:36,,52.2421918333,6.8566085,,,,,GNGLL,,A,,A,GN,
09:26:37,2024-06-17,52.2421565,6.8565695,,,,,GNRMC,V,A,9.054,A,GN,
09:26:37,,52.2421565,6.8565695,19.9,M,46.0,M,GNGGA,,,,,GN,12
09:26:37,,52.2421565,6.8565695,,,,,GNGLL,,A,,A,GN,
09:26:38,2024-06-17,52.2421205,6.8565306667,,,,,GNRMC,V,A,9.035,A,GN,
09:26:38,,52.2421205,6.8565306667,20.2,M,46.0,M,GNGGA,,,,,GN,12
09:26:38,,52.2421205,6.8565306667,,,,,GNGLL,,A,,A,GN,
09:26:39,2024-06-17,52.242086,6.8564956667,,,,,GNRMC,V,A,8.448,A,GN,
09:26:39,,52.242086,6.8564956667,20.3,M,46.0,M,GNGGA,,,,,GN,12
09:26:39,,52.242086,6.8564956667,,,,,GNGLL,,A,,A,GN,
09:26:40,2024-06-17,52.2420516667,6.8564611667,,,,,GNRMC,V,A,8.498,A,GN,
09:26:40,,52.2420516667,6.8564611667,20.2,M,46.0,M,GNGGA,,,,,GN,12
09:26:40,,52.2420516667,6.8564611667,,,,,GNGLL,,A,,A,GN,
09:26:41,2024-06-17,52.2420168333,6.8564258333,,,,,GNRMC,V,A,8.823,A,GN,
09:26:41,,52.2420168333,6.8564258333,20.5,M,46.0,M,GNGGA,,,,,GN,12
09:26:41,,52.2420168333,6.8564258333,,,,,GNGLL,,A,,A,GN,
09:26:42,2024-06-17,52.2419876667,6.8563855,,,,,GNRMC,V,A,8.026,A,GN,
09:26:42,,52.2419876667,6.8563855,19.7,M,46.0,M,GNGGA,,,,,GN,12
09:26:42,,52.2419876667,6.8563855,,,,,GNGLL,,A,,A,GN,
09:26:43,2024-06-17,52.2419571667,6.856347,,,,,GNRMC,V,A,8.41,A,GN,
09:26:43,,52.2419571667,6.856347,19.1,M,46.0,M,GNGGA,,,,,GN,12
09:26:43,,52.2419571667,6.856347,,,,,GNGLL,,A,,A,GN,
09:26:44,2024-06-17,52.241924,6.8563156667,,,,,GNRMC,V,A,7.989,A,GN,
09:26:44,,52.241924,6.8563156667,18.8,M,46.0,M,GNGGA,,,,,GN,12
09:26:44,,52.241924,6.8563156667,,,,,GNGLL,,A,,A,GN,
09:26:45,2024-06-17,52.2418905,6.856286,,,,,GNRMC,V,A,7.971,A,GN,
09:26:45,,52.2418905,6.856286,18.8,M,46.0,M,GNGGA,,,,,GN,12
09:26:45,,52.2418905,6.856286,,,,,GNGLL,,A,,A,GN,
09:26:46,2024-06-17,52.2418585,6.8562561667,,,,,GNRMC,V,A,7.645,A,GN,
09:26:46,,52.2418585,6.8562561667,18.8,M,46.0,M,GNGGA,,,,,GN,12
09:26:46,,52.2418585,6.8562561667,,,,,GNGLL,,A,,A,GN,
09:26:47,2024-06-17,52.2418261667,6.8562258333,,,,,GNRMC,V,A,8.141,A,GN,
09:26:47,,52.2418261667,6.8562258333,18.7,M,46.0,M,GNGGA,,,,,GN,12
09:26:47,,52.2418261667,6.8562258333,,,,,GNGLL,,A,,A,GN,
09:26:48,2024-06-17,52.2417928333,6.8561935,,,,,GNRMC,V,A,8.264,A,GN,
09:26:48,,52.2417928333,6.8561935,18.9,M,46.0,M,GNGGA,,,,,GN,12
09:26:48,,52.2417928333,6.8561935,,,,,GNGLL,,A,,A,GN,
09:26:49,2024-06-17,52.2417611667,6.8561608333,,,,,GNRMC,V,A,7.891,A,GN,
09:26:49,,52.2417611667,6.8561608333,18.5,M,46.0,M,GNGGA,,,,,GN,12
09:26:49,,52.2417611667,6.8561608333,,,,,GNGLL,,A,,A,GN,
09:26:50,2024-06-17,52.2417251667,6.856138,,,,,GNRMC,V,A,8.032,A,GN,
09:26:50,,52.2417251667,6.856138,18.6,M,46.0,M,GNGGA,,,,,GN,12
09:26:50,,52.2417251667,6.856138,,,,,GNGLL,,A,,A,GN,
09:26:51,2024-06-17,52.2416896667,6.8561363333,,,,,GNRMC,V,A,7.639,A,GN,
09:26:51,,52.2416896667,6.8561363333,18.4,M,46.0,M,GNGGA,,,,,GN,12
09:26:51,,52.2416896667,6.8561363333,,,,,GNGLL,,A,,A,GN,
09:26:52,2024-06-17,52.2416523333,6.8561533333,,,,,GNRMC,V,A,8.462,A,GN,
09:26:52,,52.2416523333,6.8561533333,18.9,M,46.0,M,GNGGA,,,,,GN,12
09:26:52,,52.2416523333,6.8561533333,,,,,GNGLL,,A,,A,GN,
09:26:53,2024-06-17,52.2416206667,6.8561891667,,,,,GNRMC,V,A,8.415,A,GN,
09:26:53,,52.2416206667,6.8561891667,19.2,M,46.0,M,GNGGA,,,,,GN,12
09:26:53,,52.2416206667,6.8561891667,,,,,GNGLL,,A,,A,GN,
09:26:54,2024-06-17,52.241595,6.8562363333,,,,,GNRMC,V,A,8.438,A,GN,
09:26:54,,52.241595,6.8562363333,19.7,M,46.0,M,GNGGA,,,,,GN,12
09:26:54,,52.241595,6.8562363333,,,,,GNGLL,,A,,A,GN,
09:26:55,2024-06-17,52.2415738333,6.8562916667,,,,,GNRMC,V,A,9.044,A,GN,
09:26:55,,52.2415738333,6.8562916667,19.9,M,46.0,M,GNGGA,,,,,GN,12
09:26:55,,52.2415738333,6.8562916667,,,,,GNGLL,,A,,A,GN,
09:26:56,2024-06-17,52.241557,6.8563526667,,,,,GNRMC,V,A,9.221,A,GN,
09:26:56,,52.241557,6.8563526667,20.3,M,46.0,M,GNGGA,,,,,GN,12
09:26:56,,52.241557,6.8563526667,,,,,GNGLL,,A,,A,GN,
09:26:57,2024-06-17,52.2415451667,6.856416,,,,,GNRMC,V,A,8.941,A,GN,
09:26:57,,52.2415451667,6.856416,20.4,M,46.0,M,GNGGA,,,,,GN,12
09:26:57,,52.2415451667,6.856416,,,,,GNGLL,,A,,A,GN,
09:26:58,2024-06-17,52.241533,6.8564791667,,,,,GNRMC,V,A,9.048,A,GN,
09:26:58,,52.241533,6.8564791667,20.8,M,46.0,M,GNGGA,,,,,GN,12
09:26:58,,52.241533,6.8564791667,,,,,GNGLL,,A,,A,GN,
09:26:59,2024-06-17,52.2415215,6.8565436667,,,,,GNRMC,V,A,9.089,A,GN,
09:26:59,,52.2415215,6.8565436667,21.2,M,46.0,M,GNGGA,,,,,GN,12
09:26:59,,52.2415215,6.8565436667,,,,,GNGLL,,A,,A,GN,
09:27:00,2024-06-17,52.2415106667,6.8566083333,,,,,GNRMC,V,A,9.032,A,GN,
09:27:00,,52.2415106667,6.8566083333,21.6,M,46.0,M,GNGGA,,,,,GN,12
09:27:00,,52.2415106667,6.8566083333,,,,,GNGLL,,A,,A,GN,
09:27:01,2024-06-17,52.2415,6.8566738333,,,,,GNRMC,V,A,9.202,A,GN,
09:27:01,,52.2415,6.8566738333,22.1,M,46.0,M,GNGGA,,,,,GN,12
09:27:01,,52.2415,6.8566738333,,,,,GNGLL,,A,,A,GN,
09:27:02,2024-06-17,52.2414903333,6.85674,,,,,GNRMC,V,A,9.145,A,GN,
09:27:02,,52.2414903333,6.85674,22.3,M,46.0,M,GNGGA,,,,,GN,12
09:27:02,,52.2414903333,6.85674,,,,,GNGLL,,A,,A,GN,
09:27:03,2024-06-17,52.2414793333,6.8568048333,,,,,GNRMC,V,A,8.998,A,GN,
09:27:03,,52.2414793333,6.8568048333,22.3,M,46.0,M,GNGGA,,,,,GN,12
09:27:03,,52.2414793333,6.8568048333,,,,,GNGLL,,A,,A,GN,
09:27:04,2024-06-17,52.2414666667,6.8568688333,,,,,GNRMC,V,A,8.965,A,GN,
09:27:04,,52.2414666667,6.8568688333,22.5,M,46.0,M,GNGGA,,,,,GN,12
09:27:04,,52.2414666667,6.8568688333,,,,,GNGLL,,A,,A,GN,
09:27:05,2024-06-17,52.2414546667,6.8569323333,,,,,GNRMC,V,A,8.858,A,GN,
09:27:05,,52.2414546667,6.8569323333,22.7,M,46.0,M,GNGGA,,,,,GN,12
09:27:05,,52.2414546667,6.8569323333,,,,,GNGLL,,A,,A,GN,
09:27:06,2024-06-17,52.2414418333,6.8569955,,,,,GNRMC,V,A,8.885,A,GN,
09:27:06,,52.2414418333,6.8569955,22.7,M,46.0,M,GNGGA,,,,,GN,12
09:27:06,,52.2414418333,6.8569955,,,,,GNGLL,,A,,A,GN,
09:27:07,2024-06-17,52.2414281667,6.857058,,,,,GNRMC,V,A,8.809,A,GN,
09:27:07,,52.2414281667,6.857058,22.9,M,46.0,M,GNGGA,,,,,GN,12
09:27:07,,52.2414281667,6.857058,,,,,GNGLL,,A,,A,GN,
09:27:08,2024-06-17,52.241415,6.8571208333,,,,,GNRMC,V,A,8.813,A,GN,
09:27:08,,52.241415,6.8571208333,23.0,M,46.0,M,GNGGA,,,,,GN,12
09:27:08,,52.241415,6.8571208333,,,,,GNGLL,,A,,A,GN,
09:27:09,2024-06-17,52.2414003333,6.8571823333,,,,,GNRMC,V,A,8.761,A,GN,
09:27:09,,52.2414003333,6.8571823333,23.1,M,46.0,M,GNGGA,,,,,GN,12
09:27:09,,52.2414003333,6.8571823333,,,,,GNGLL,,A,,A,GN,
09:27:10,2024-06-17,52.2413855,6.8572435,,,,,GNRMC,V,A,8.728,A,GN,
09:27:10,,52.2413855,6.8572435,23.2,M,46.0,M,GNGGA,,,,,GN,12
09:27:10,,52.2413855,6.8572435,,,,,GNGLL,,A,,A,GN,
09:27:11,2024-06-17,52.2413696667,6.8573045,,,,,GNRMC,V,A,8.727,A,GN,
09:27:11,,52.2413696667,6.8573045,23.1,M,46.0,M,GNGGA,,,,,GN,12
09:27:11,,52.2413696667,6.8573045,,,,,GNGLL,,A,,A,GN,
09:27:12,2024-06-17,52.2413528333,6.857365,,,,,GNRMC,V,A,8.775,A,GN,
09:27:12,,52.2413528333,6.857365,23.3,M,46.0,M,GNGGA,,,,,GN,12
09:27:12,,52.2413528333,6.857365,,,,,GNGLL,,A,,A,GN,
09:27:13,2024-06-17,52.241335,6.857425,,,,,GNRMC,V,A,8.778,A,GN,
09:27:13,,52.241335,6.857425,23.5,M,46.0,M,GNGGA,,,,,GN,12
09:27:13,,52.241335,6.857425,,,,,GNGLL,,A,,A,GN,
09:27:14,2024-06-17,52.2413171667,6.8574855,,,,,GNRMC,V,A,8.925,A,GN,
09:27:14,,52.2413171667,6.8574855,23.7,M,46.0,M,GNGGA,,,,,GN,12
09:27:14,,52.2413171667,6.8574855,,,,,GNGLL,,A,,A,GN,
09:27:15,2024-06-17,52.2413003333,6.8575451667,,,,,GNRMC,V,A,8.557,A,GN,
09:27:15,,52.2413003333,6.8575451667,23.9,M,46.0,M,GNGGA,,,,,GN,12
09:27:15,,52.2413003333,6.8575451667,,,,,GNGLL,,A,,A,GN,
09:27:16,2024-06-17,52.2412826667,6.8576028333,,,,,GNRMC,V,A,8.552,A,GN,
09:27:16,,52.2412826667,6.8576028333,23.7,M,46.0,M,GNGGA,,,,,GN,12
09:27:16,,52.2412826667,6.8576028333,,,,,GNGLL,,A,,A,GN,
09:27:17,2024-06-17,52.2412656667,6.8576605,,,,,GNRMC,V,A,8.42,A,GN,
09:27:17,,52.2412656667,6.8576605,23.6,M,46.0,M,GNGGA,,,,,GN,12
09:27:17,,52.2412656667,6.8576605,,,,,GNGLL,,A,,A,GN,
09:27:18,2024-06-17,52.2412485,6.85772,,,,,GNRMC,V,A,8.72,A,GN,
09:27:18,,52.2412485,6.85772,23.6,M,46.0,M,GNGGA,,,,,GN,12
09:27:18,,52.2412485,6.85772,,,,,GNGLL,,A,,A,GN,
09:27:19,2024-06-17,52.2412306667,6.8577806667,,,,,GNRMC,V,A,8.761,A,GN,
09:27:19,,52.2412306667,6.8577806667,23.6,M,46.0,M,GNGGA,,,,,GN,12
09:27:19,,52.2412306667,6.8577806667,,,,,GNGLL,,A,,A,GN,
09:27:20,2024-06-17,52.241212,6.8578408333,,,,,GNRMC,V,A,8.827,A,GN,
09:27:20,,52.241212,6.8578408333,23.9,M,46.0,M,GNGGA,,,,,GN,12
09:27:20,,52.241212,6.8578408333,,,,,GNGLL,,A,,A,GN,
09:27:21,2024-06-17,52.2411928333,6.8579006667,,,,,GNRMC,V,A,8.832,A,GN,
09:27:21,,52.2411928333,6.8579006667,24.0,M,46.0,M,GNGGA,,,,,GN,12
09:27:21,,52.2411928333,6.8579006667,,,,,GNGLL,,A,,A,GN,
09:27:22,2024-06-17,52.2411741667,6.8579603333,,,,,GNRMC,V,A,8.786,A,GN,
09:27:22,,52.2411741667,6.8579603333,24.0,M,46.0,M,GNGGA,,,,,GN,12
09:27:22,,52.2411741667,6.8579603333,,,,,GNGLL,,A,,A,GN,
09:27:23,2024-06-17,52.2411561667,6.8580226667,,,,,GNRMC,V,A,9.164,A,GN,
09:27:23,,52.2411561667,6.8580226667,24.2,M,46.0,M,GNGGA,,,,,GN,12
09:27:23,,52.2411561667,6.8580226667,,,,,GNGLL,,A,,A,GN,
09:27:24,2024-06-17,52.2411381667,6.8580833333,,,,,GNRMC,V,A,8.696,A,GN,
09:27:24,,52.2411381667,6.8580833333,24.2,M,46.0,M,GNGGA,,,,,GN,12
09:27:24,,52.2411381667,6.8580833333,,,,,GNGLL,,A,,A,GN,
09:27:25,2024-06-17,52.2411201667,6.858143,,,,,GNRMC,V,A,8.636,A,GN,
09:27:25,,52.2411201667,6.858143,24.5,M,46.0,M,GNGGA,,,,,GN,12
09:27:25,,52.2411201667,6.858143,,,,,GNGLL,,A,,A,GN,
09:27:26,2024-06-17,52.241102,6.8582016667,,,,,GNRMC,V,A,8.536,A,GN,
09:27:26,,52.241102,6.8582016667,24.7,M,46.0,M,GNGGA,,,,,GN,12
09:27:26,,52.241102,6.8582016667,,,,,GNGLL,,A,,A,GN,
09:27:27,2024-06-17,52.2410835,6.8582596667,,,,,GNRMC,V,A,8.594,A,GN,
09:27:27,,52.2410835,6.8582596667,24.8,M,46.0,M,GNGGA,,,,,GN,12
09:27:27,,52.2410835,6.8582596667,,,,,GNGLL,,A,,A,GN,
09:27:28,2024-06-17,52.241066,6.8583183333,,,,,GNRMC,V,A,8.538,A,GN,
09:27:28,,52.241066,6.8583183333,25.0,M,46.0,M,GNGGA,,,,,GN,12
09:27:28,,52.241066,6.8583183333,,,,,GNGLL,,A,,A,GN,
09:27:29,2024-06-17,52.2410481667,6.858378,,,,,GNRMC,V,A,8.678,A,GN,
09:27:29,,52.2410481667,6.858378,25.3,M,46.0,M,GNGGA,,,,,GN,12
09:27:29,,52.2410481667,6.858378,,,,,GNGLL,,A,,A,GN,
09:27:30,2024-06-17,52.241031,6.8584373333,,,,,GNRMC,V,A,8.676,A,GN,
09:27:30,,52.241031,6.8584373333,25.3,M,46.0,M,GNGGA,,,,,GN,12
09:27:30,,52.241031,6.8584373333,,,,,GNGLL,,A,,A,GN,
09:27:31,2024-06-17,52.241015,6.8584968333,,,,,GNRMC,V,A,8.463,A,GN,
09:27:31,,52.241015,6.8584968333,25.3,M,46.0,M,GNGGA,,,,,GN,12
09:27:31,,52.241015,6.8584968333,,,,,GNGLL,,A,,A,GN,
09:27:32,2024-06-17,52.2410018333,6.858557,,,,,GNRMC,V,A,8.279,A,GN,
09:27:32,,52.2410018333,6.858557,25.7,M,46.0,M,GNGGA,,,,,GN,12
09:27:32,,52.2410018333,6.858557,,,,,GNGLL,,A,,A,GN,
09:27:33,2024-06-17,52.2409958333,6.858617,,,,,GNRMC,V,A,7.667,A,GN,
09:27:33,,52.2409958333,6.858617,26.0,M,46.0,M,GNGGA,,,,,GN,12
09:27:33,,52.2409958333,6.858617,,,,,GNGLL,,A,,A,GN,
09:27:34,2024-06-17,52.2410011667,6.8586741667,,,,,GNRMC,V,A,7.513,A,GN,
09:27:34,,52.2410011667,6.8586741667,26.2,M,46.0,M,GNGGA,,,,,GN,12
09:27:34,,52.2410011667,6.8586741667,,,,,GNGLL,,A,,A,GN,
09:27:35,2024-06-17,52.2410195,6.8587238333,,,,,GNRMC,V,A,7.866,A,GN,
09:27:35,,52.2410195,6.8587238333,26.4,M,46.0,M,GNGGA,,,,,GN,12
09:27:35,,52.2410195,6.8587238333,,,,,GNGLL,,A,,A,GN,
09:27:36,2024-06-17,52.2410465,6.8587631667,,,,,GNRMC,V,A,7.916,A,GN,
09:27:36,,52.2410465,6.8587631667,26.6,M,46.0,M,GNGGA,,,,,GN,12
09:27:36,,52.2410465,6.8587631667,,,,,GNGLL,,A,,A,GN,
09:27:37,2024-06-17,52.241078,6.8587913333,,,,,GNRMC,V,A,7.882,A,GN,
09:27:37,,52.241078,6.8587913333,26.8,M,46.0,M,GNGGA,,,,,GN,12
09:27:37,,52.241078,6.8587913333,,,,,GNGLL,,A,,A,GN,
09:27:38,2024-06-17,52.2411126667,6.8588121667,,,,,GNRMC,V,A,8.192,A,GN,
09:27:38,,52.2411126667,6.8588121667,26.9,M,46.0,M,GNGGA,,,,,GN,12
09:27:38,,52.2411126667,6.8588121667,,,,,GNGLL,,A,,A,GN,
09:27:39,2024-06-17,52.24115,6.8588275,,,,,GNRMC,V,A,8.444,A,GN,
09:27:39,,52.24115,6.8588275,26.9,M,46.0,M,GNGGA,,,,,GN,12
09:27:39,,52.24115,6.8588275,,,,,GNGLL,,A,,A,GN,
09:27:40,2024-06-17,52.2411871667,6.8588413333,,,,,GNRMC,V,A,8.195,A,GN,
09:27:40,,52.2411871667,6.8588413333,26.7,M,46.0,M,GNGGA,,,,,GN,12
09:27:40,,52.2411871667,6.8588413333,,,,,GNGLL,,A,,A,GN,
09:27:41,2024-06-17,52.2412256667,6.8588516667,,,,,GNRMC,V,A,8.58,A,GN,
09:27:41,,52.2412256667,6.8588516667,26.7,M,46.0,M,GNGGA,,,,,GN,12
09:27:41,,52.2412256667,6.8588516667,,,,,GNGLL,,A,,A,GN,
09:27:42,2024-06-17,52.2412638333,6.8588625,,,,,GNRMC,V,A,8.382,A,GN,
09:27:42,,52.2412638333,6.8588625,26.6,M,46.0,M,GNGGA,,,,,GN,12
09:27:42,,52.2412638333,6.8588625,,,,,GNGLL,,A,,A,GN,
09:27:43,2024-06-17,52.2413018333,6.8588728333,,,,,GNRMC,V,A,8.32,A,GN,
09:27:43,,52.2413018333,6.8588728333,26.4,M,46.0,M,GNGGA,,,,,GN,12
09:27:43,,52.2413018333,6.8588728333,,,,,GNGLL,,A,,A,GN,
09:27:44,2024-06-17,52.2413415,6.8588846667,,,,,GNRMC,V,A,8.752,A,GN,
09:27:44,,52.2413415,6.8588846667,26.4,M,46.0,M,GNGGA,,,,,GN,12
09:27:44,,52.2413415,6.8588846667,,,,,GNGLL,,A,,A,GN,
09:27:45,2024-06-17,52.2413806667,6.8589046667,,,,,GNRMC,V,A,8.981,A,GN,
09:27:45,,52.2413806667,6.8589046667,26.2,M,46.0,M,GNGGA,,,,,GN,12
09:27:45,,52.2413806667,6.8589046667,,,,,GNGLL,,A,,A,GN,
09:27:46,2024-06-17,52.2414191667,6.8589293333,,,,,GNRMC,V,A,8.761,A,GN,
09:27:46,,52.2414191667,6.8589293333,26.4,M,46.0,M,GNGGA,,,,,GN,12
09:27:46,,52.2414191667,6.8589293333,,,,,GNGLL,,A,,A,GN,
09:27:47,2024-06-17,52.241458,6.8589458333,,,,,GNRMC,V,A,8.611,A,GN,
09:27:47,,52.241458,6.8589458333,26.4,M,46.0,M,GNGGA,,,,,GN,12
09:27:47,,52.241458,6.8589458333,,,,,GNGLL,,A,,A,GN,
09:27:48,2024-06-17,52.2414975,6.8589506667,,,,,GNRMC,V,A,8.509,A,GN,
09:27:48,,52.2414975,6.8589506667,26.6,M,46.0,M,GNGGA,,,,,GN,12
09:27:48,,52.2414975,6.8589506667,,,,,GNGLL,,A,,A,GN,
09:27:49,2024-06-17,52.2415375,6.8589556667,,,,,GNRMC,V,A,8.73,A,GN,
09:27:49,,52.2415375,6.8589556667,26.6,M,46.0,M,GNGGA,,,,,GN,12
09:27:49,,52.2415375,6.8589556667,,,,,GNGLL,,A,,A,GN,
09:27:50,2024-06-17,52.2415766667,6.858969,,,,,GNRMC,V,A,8.651,A,GN,
09:27:50,,52.2415766667,6.858969,26.6,M,46.0,M,GNGGA,,,,,GN,12
09:27:50,,52.2415766667,6.858969,,,,,GNGLL,,A,,A,GN,
09:27:51,2024-06-17,52.2416156667,6.8589876667,,,,,GNRMC,V,A,8.764,A,GN,
09:27:51,,52.2416156667,6.8589876667,26.2,M,46.0,M,GNGGA,,,,,GN,12
09:27:51,,52.2416156667,6.8589876667,,,,,GNGLL,,A,,A,GN,
09:27:52,2024-06-17,52.2416553333,6.859005,,,,,GNRMC,V,A,8.844,A,GN,
09:27:52,,52.2416553333,6.859005,25.6,M,46.0,M,GNGGA,,,,,GN,12
09:27:52,,52.2416553333,6.859005,,,,,GNGLL,,A,,A,GN,
09:27:53,2024-06-17,52.241691,6.8590278333,,,,,GNRMC,V,A,8.197,A,GN,
09:27:53,,52.241691,6.8590278333,25.4,M,46.0,M,GNGGA,,,,,GN,12
09:27:53,,52.241691,6.8590278333,,,,,GNGLL,,A,,A,GN,
09:27:54,2024-06-17,52.2417261667,6.8590508333,,,,,GNRMC,V,A,8.223,A,GN,
09:27:54,,52.2417261667,6.8590508333,25.3,M,46.0,M,GNGGA,,,,,GN,12
09:27:54,,52.2417261667,6.8590508333,,,,,GNGLL,,A,,A,GN,
09:27:55,2024-06-17,52.2417628333,6.8590723333,,,,,GNRMC,V,A,8.369,A,GN,
09:27:55,,52.2417628333,6.8590723333,25.1,M,46.0,M,GNGGA,,,,,GN,12
09:27:55,,52.2417628333,6.8590723333,,,,,GNGLL,,A,,A,GN,
09:27:56,2024-06-17,52.2417941667,6.8590938333,,,,,GNRMC,V,A,6.858,A,GN,
09:27:56,,52.2417941667,6.8590938333,24.8,M,46.0,M,GNGGA,,,,,GN,12
09:27:56,,52.2417941667,6.8590938333,,,,,GNGLL,,A,,A,GN,
09:27:57,2024-06-17,52.2418251667,6.8591131667,,,,,GNRMC,V,A,7.233,A,GN,
09:27:57,,52.2418251667,6.8591131667,24.2,M,46.0,M,GNGGA,,,,,GN,12
09:27:57,,52.2418251667,6.8591131667,,,,,GNGLL,,A,,A,GN,
09:27:58,2024-06-17,52.2418598333,6.8591356667,,,,,GNRMC,V,A,8.323,A,GN,
09:27:58,,52.2418598333,6.8591356667,24.0,M,46.0,M,GNGGA,,,,,GN,12
09:27:58,,52.2418598333,6.8591356667,,,,,GNGLL,,A,,A,GN,
09:27:59,2024-06-17,52.2418955,6.8591608333,,,,,GNRMC,V,A,8.241,A,GN,
09:27:59,,52.2418955,6.8591608333,23.8,M,46.0,M,GNGGA,,,,,GN,12
09:27:59,,52.2418955,6.8591608333,,,,,GNGLL,,A,,A,GN,
09:28:00,2024-06-17,52.2419303333,6.8591845,,,,,GNRMC,V,A,8.104,A,GN,
09:28:00,,52.2419303333,6.8591845,23.8,M,46.0,M,GNGGA,,,,,GN,12
09:28:00,,52.2419303333,6.8591845,,,,,GNGLL,,A,,A,GN,
09:28:01,2024-06-17,52.2419571667,6.8592075,,,,,GNRMC,V,A,5.851,A,GN,
09:28:01,,52.2419571667,6.8592075,23.8,M,46.0,M,GNGGA,,,,,GN,12
09:28:01,,52.2419571667,6.8592075,,,,,GNGLL,,A,,A,GN,
09:28:02,2024-06-17,52.2419875,6.859223,,,,,GNRMC,V,A,7.291,A,GN,
09:28:02,,52.2419875,6.859223,23.4,M,46.0,M,GNGGA,,,,,GN,12
09:28:02,,52.2419875,6.859223,,,,,GNGLL,,A,,A,GN,
09:28:03,2024-06-17,52.242018,6.8592356667,,,,,GNRMC,V,A,6.608,A,GN,
09:28:03,,52.242018,6.8592356667,23.0,M,46.0,M,GNGGA,,,,,GN,12
09:28:03,,52.242018,6.8592356667,,,,,GNGLL,,A,,A,GN,
09:28:04,2024-06-17,52.2420468333,6.8592476667,,,,,GNRMC,V,A,5.887,A,GN,
09:28:04,,52.2420468333,6.8592476667,22.8,M,46.0,M,GNGGA,,,,,GN,12
09:28:04,,52.2420468333,6.8592476667,,,,,GNGLL,,A,,A,GN,
09:28:05,2024-06-17,52.242072,6.859254,,,,,GNRMC,V,A,5.011,A,GN,
09:28:05,,52.242072,6.859254,22.4,M,46.0,M,GNGGA,,,,,GN,12
09:28:05,,52.242072,6.859254,,,,,GNGLL,,A,,A,GN,
09:28:06,2024-06-17,52.2420901667,6.8592585,,,,,GNRMC,V,A,3.1,A,GN,
09:28:06,,52.2420901667,6.8592585,22.1,M,46.0,M,GNGGA,,,,,GN,12
09:28:06,,52.2420901667,6.8592585,,,,,GNGLL,,A,,A,GN,
09:28:07,2024-06-17,52.2421011667,6.8592605,,,,,GNRMC,V,A,1.574,A,GN,
09:28:07,,52.2421011667,6.8592605,22.3,M,46.0,M,GNGGA,,,,,GN,12
09:28:07,,52.2421011667,6.8592605,,,,,GNGLL,,A,,A,GN,
09:28:08,2024-06-17,52.242104,6.8592626667,,,,,GNRMC,V,A,0.309,A,GN,
09:28:08,,52.242104,6.8592626667,22.4,M,46.0,M,GNGGA,,,,,GN,12
09:28:08,,52.242104,6.8592626667,,,,,GNGLL,,A,,A,GN,
09:28:09,2024-06-17,52.2421055,6.8592655,,,,,GNRMC,V,A,0.337,A,GN,
09:28:09,,52.2421055,6.8592655,22.5,M,46.0,M,GNGGA,,,,,GN,12
09:28:09,,52.2421055,6.8592655,,,,,GNGLL,,A,,A,GN,
09:28:10,2024-06-17,52.2421053333,6.859269,,,,,GNRMC,V,A,0.16,A,GN,
09:28:10,,52.2421053333,6.859269,22.9,M,46.0,M,GNGGA,,,,,GN,12
09:28:10,,52.2421053333,6.859269,,,,,GNGLL,,A,,A,GN,
09:28:11,2024-06-17,52.2421063333,6.859271,,,,,GNRMC,V,A,0.052,A,GN,
09:28:11,,52.2421063333,6.859271,23.3,M,46.0,M,GNGGA,,,,,GN,12
09:28:11,,52.2421063333,6.859271,,,,,GNGLL,,A,,A,GN,
09:28:12,2024-06-17,52.2421081667,6.85927,,,,,GNRMC,V,A,0.453,A,GN,
09:28:12,,52.2421081667,6.85927,23.5,M,46.0,M,GNGGA,,,,,GN,12
09:28:12,,52.2421081667,6.85927,,,,,GNGLL,,A,,A,GN,
09:28:13,2024-06-17,52.2421095,6.8592686667,,,,,GNRMC,V,A,0.085,A,GN,
09:28:13,,52.2421095,6.8592686667,23.6,M,46.0,M,GNGGA,,,,,GN,12
09:28:13,,52.2421095,6.8592686667,,,,,GNGLL,,A,,A,GN,
09:28:14,2024-06-17,52.2421106667,6.8592685,,,,,GNRMC,V,A,0.018,A,GN,
09:28:14,,52.2421106667,6.8592685,23.8,M,46.0,M,GNGGA,,,,,GN,12
09:28:14,,52.2421106667,6.8592685,,,,,GNGLL,,A,,A,GN,
09:28:15,2024-06-17,52.2421116667,6.8592685,,,,,GNRMC,V,A,0.08,A,GN,
09:28:15,,52.2421116667,6.8592685,24.0,M,46.0,M,GNGGA,,,,,GN,12
09:28:15,,52.2421116667,6.8592685,,,,,GNGLL,,A,,A,GN,
09:28:16,2024-06-17,52.2421123333,6.8592686667,,,,,GNRMC,V,A,0.003,A,GN,
09:28:16,,52.2421123333,6.8592686667,24.2,M,46.0,M,GNGGA,,,,,GN,12
09:28:16,,52.2421123333,6.8592686667,,,,,GNGLL,,A,,A,GN,
09:28:17,2024-06-17,52.2421136667,6.8592683333,,,,,GNRMC,V,A,0.037,A,GN,
09:28:17,,52.2421136667,6.8592683333,24.5,M,46.0,M,GNGGA,,,,,GN,12
09:28:17,,52.2421136667,6.8592683333,,,,,GNGLL,,A,,A,GN,
09:28:18,2024-06-17,52.242115,6.8592685,,,,,GNRMC,V,A,0.031,A,GN,
09:28:18,,52.242115,6.8592685,24.8,M,46.0,M,GNGGA,,,,,GN,12
09:28:18,,52.242115,6.8592685,,,,,GNGLL,,A,,A,GN,
09:28:19,2024-06-17,52.2421166667,6.8592688333,,,,,GNRMC,V,A,0.02,A,GN,
09:28:19,,52.2421166667,6.8592688333,25.1,M,46.0,M,GNGGA,,,,,GN,12
09:28:19,,52.2421166667,6.8592688333,,,,,GNGLL,,A,,A,GN,
09:28:20,2024-06-17,52.2421178333,6.8592691667,,,,,GNRMC,V,A,0.286,A,GN,
09:28:20,,52.2421178333,6.8592691667,25.2,M,46.0,M,GNGGA,,,,,GN,12
09:28:20,,52.2421178333,6.8592691667,,,,,GNGLL,,A,,A,GN,
09:28:21,2024-06-17,52.242119,6.8592696667,,,,,GNRMC,V,A,0.341,A,GN,
09:28:21,,52.242119,6.8592696667,25.5,M,46.0,M,GNGGA,,,,,GN,12
09:28:21,,52.242119,6.8592696667,,,,,GNGLL,,A,,A,GN,
09:28:22,2024-06-17,52.242121,6.8592693333,,,,,GNRMC,V,A,0.029,A,GN,
09:28:22,,52.242121,6.8592693333,26.1,M,46.0,M,GNGGA,,,,,GN,12
09:28:22,,52.242121,6.8592693333,,,,,GNGLL,,A,,A,GN,
09:28:23,2024-06-17,52.242123,6.8592686667,,,,,GNRMC,V,A,0.018,A,GN,
09:28:23,,52.242123,6.8592686667,26.8,M,46.0,M,GNGGA,,,,,GN,12
09:28:23,,52.242123,6.8592686667,,,,,GNGLL,,A,,A,GN,
09:28:24,2024-06-17,52.2421243333,6.8592675,,,,,GNRMC,V,A,0.01,A,GN,
09:28:24,,52.2421243333,6.8592675,27.4,M,46.0,M,GNGGA,,,,,GN,12
09:28:24,,52.2421243333,6.8592675,,,,,GNGLL,,A,,A,GN,
09:28:25,2024-06-17,52.2421261667,6.8592671667,,,,,GNRMC,V,A,0.051,A,GN,
09:28:25,,52.2421261667,6.8592671667,28.0,M,46.0,M,GNGGA,,,,,GN,12
09:28:25,,52.2421261667,6.8592671667,,,,,GNGLL,,A,,A,GN,
09:28:26,2024-06-17,52.2421276667,6.8592668333,,,,,GNRMC,V,A,0.026,A,GN,
09:28:26,,52.2421276667,6.8592668333,28.5,M,46.0,M,GNGGA,,,,,GN,12
09:28:26,,52.2421276667,6.8592668333,,,,,GNGLL,,A,,A,GN,
09:28:27,2024-06-17,52.2421291667,6.859266,,,,,GNRMC,V,A,0.022,A,GN,
09:28:27,,52.2421291667,6.859266,29.0,M,46.0,M,GNGGA,,,,,GN,12
09:28:27,,52.2421291667,6.859266,,,,,GNGLL,,A,,A,GN,
09:28:28,2024-06-17,52.2421308333,6.8592653333,,,,,GNRMC,V,A,0.016,A,GN,
09:28:28,,52.2421308333,6.8592653333,29.4,M,46.0,M,GNGGA,,,,,GN,12
09:28:28,,52.2421308333,6.8592653333,,,,,GNGLL,,A,,A,GN,
09:28:29,2024-06-17,52.242132,6.859265,,,,,GNRMC,V,A,0.025,A,GN,
09:28:29,,52.242132,6.859265,29.7,M,46.0,M,GNGGA,,,,,GN,12
09:28:29,,52.242132,6.859265,,,,,GNGLL,,A,,A,GN,
09:28:30,2024-06-17,52.2421331667,6.8592636667,,,,,GNRMC,V,A,0.041,A,GN,
09:28:30,,52.2421331667,6.8592636667,30.2,M,46.0,M,GNGGA,,,,,GN,12
09:28:30,,52.2421331667,6.8592636667,,,,,GNGLL,,A,,A,GN,
09:28:31,2024-06-17,52.242134,6.8592631667,,,,,GNRMC,V,A,0.076,A,GN,
09:28:31,,52.242134,6.8592631667,30.5,M,46.0,M,GNGGA,,,,,GN,12
09:28:31,,52.242134,6.8592631667,,,,,GNGLL,,A,,A,GN,
09:28:32,2024-06-17,52.2421355,6.8592626667,,,,,GNRMC,V,A,0.013,A,GN,
09:28:32,,52.2421355,6.8592626667,30.8,M,46.0,M,GNGGA,,,,,GN,12
09:28:32,,52.2421355,6.8592626667,,,,,GNGLL,,A,,A,GN,
09:28:33,2024-06-17,52.242137,6.8592625,,,,,GNRMC,V,A,0.013,A,GN,
09:28:33,,52.242137,6.8592625,31.1,M,46.0,M,GNGGA,,,,,GN,12
09:28:33,,52.242137,6.8592625,,,,,GNGLL,,A,,A,GN,
09:28:34,2024-06-17,52.2421378333,6.8592613333,,,,,GNRMC,V,A,0.027,A,GN,
09:28:34,,52.2421378333,6.8592613333,31.5,M,46.0,M,GNGGA,,,,,GN,12
09:28:34,,52.2421378333,6.8592613333,,,,,GNGLL,,A,,A,GN,
09:28:35,2024-06-17,52.2421385,6.8592603333,,,,,GNRMC,V,A,0.02,A,GN,
09:28:35,,52.2421385,6.8592603333,31.8,M,46.0,M,GNGGA,,,,,GN,12
09:28:35,,52.2421385,6.8592603333,,,,,GNGLL,,A,,A,GN,
09:28:36,2024-06-17,52.242139,6.859259,,,,,GNRMC,V,A,0.067,A,GN,
09:28:36,,52.242139,6.859259,32.1,M,46.0,M,GNGGA,,,,,GN,12
09:28:36,,52.242139,6.859259,,,,,GNGLL,,A,,A,GN,
09:28:37,2024-06-17,52.2421393333,6.8592575,,,,,GNRMC,V,A,0.004,A,GN,
09:28:37,,52.2421393333,6.8592575,32.5,M,46.0,M,GNGGA,,,,,GN,12
09:28:37,,52.2421393333,6.8592575,,,,,GNGLL,,A,,A,GN,
09:28:38,2024-06-17,52.2421396667,6.859256,,,,,GNRMC,V,A,0.024,A,GN,
09:28:38,,52.2421396667,6.859256,32.8,M,46.0,M,GNGGA,,,,,GN,12
09:28:38,,52.2421396667,6.859256,,,,,GNGLL,,A,,A,GN,
09:28:39,2024-06-17,52.24214,6.859255,,,,,GNRMC,V,A,0.021,A,GN,
09:28:39,,52.24214,6.859255,33.1,M,46.0,M,GNGGA,,,,,GN,12
09:28:39,,52.24214,6.859255,,,,,GNGLL,,A,,A,GN,
09:28:40,2024-06-17,52.2421405,6.859254,,,,,GNRMC,V,A,0.022,A,GN,
09:28:40,,52.2421405,6.859254,33.3,M,46.0,M,GNGGA,,,,,GN,12
09:28:40,,52.2421405,6.859254,,,,,GNGLL,,A,,A,GN,
09:28:41,2024-06-17,52.2421413333,6.859253,,,,,GNRMC,V,A,0.048,A,GN,
09:28:41,,52.2421413333,6.859253,33.6,M,46.0,M,GNGGA,,,,,GN,12
09:28:41,,52.2421413333,6.859253,,,,,GNGLL,,A,,A,GN,
09:28:42,2024-06-17,52.242142,6.859252,,,,,GNRMC,V,A,0.038,A,GN,
09:28:42,,52.242142,6.859252,33.8,M,46.0,M,GNGGA,,,,,GN,12
09:28:42,,52.242142,6.859252,,,,,GNGLL,,A,,A,GN,
